SALES,Quantity_sold,Cost_of_sales,Month_NAME,Year_NAME,Day_NAME,Average_Unit_Price,Gross_profit,Total_sales,Total_units_sold,Total_cost_sale
86782.46875,2678,87986.32031,Jan,2014,Wednesday,32.40570155,1203.851563,186385544.7,1051,193489043.6
200173.1094,6175,202881.1719,Jan,2014,Thursday,32.41669787,2708.0625,,,
326906.0625,10084,333806.2813,Jan,2014,Friday,32.41829259,6900.21875,,,
307043.9375,9470,313652.3438,Jan,2014,Saturday,32.42280227,6608.40625,,,
179188.8906,5524,183083.2813,Jan,2014,Sunday,32.43824957,3894.390625,,,
306351.9375,9448,313446.0625,Jan,2014,Monday,32.42505689,7094.125,,,
224020.4063,6911,229533.9688,Jan,2014,Tuesday,32.41504938,5513.5625,,,
101836.3984,2990,99381.96875,Jan,2014,Wednesday,34.05899613,-2454.429688,,,
107804.3047,3159,104816.4609,Jan,2014,Thursday,34.12608569,-2987.84375,,,
144829.9531,4246,141334,Jan,2014,Friday,34.10973931,-3495.953125,,,
146571.4844,4297,143179.6719,Jan,2014,Saturday,34.11018952,-3391.8125,,,
95422.375,2796,93126.14844,Jan,2014,Sunday,34.12817418,-2296.226563,,,
114883.1719,3369,112186.3125,Jan,2014,Monday,34.1000807,-2696.859375,,,
80090.79688,2348,78096.75781,Jan,2014,Tuesday,34.11022013,-1994.039063,,,
98945.375,2903,97159,Jan,2014,Wednesday,34.08383569,-1786.375,,,
84904.89844,2491,83350.42969,Jan,2014,Thursday,34.08466417,-1554.46875,,,
135460.625,3968,132703.3281,Jan,2014,Friday,34.13826235,-2757.296875,,,
149925.75,4393,146928.4063,Jan,2014,Saturday,34.12832916,-2997.34375,,,
74297.30469,2176,72782.28125,Jan,2014,Sunday,34.14398193,-1515.023438,,,
83356.42188,2443,81789.13281,Jan,2014,Monday,34.12051653,-1567.289063,,,
89922.01563,2638,88388.91406,Jan,2014,Tuesday,34.08719319,-1533.101563,,,
57806.30469,1704,57157.28125,Jan,2014,Wednesday,33.92388773,-649.0234375,,,
63977.75,1872,62863.98828,Jan,2014,Thursday,34.1761485,-1113.761719,,,
116958.7969,3423,114823.7969,Jan,2014,Friday,34.16850624,-2135,,,
155272.8281,4544,152636.2813,Jan,2014,Saturday,34.17095689,-2636.546875,,,
82885.21875,2426,81583.16406,Jan,2014,Sunday,34.16538283,-1302.054688,,,
72353.42969,2117,71377.15625,Jan,2014,Monday,34.17734043,-976.2734375,,,
50415.90234,1476,49769.09766,Jan,2014,Tuesday,34.15711541,-646.8046875,,,
67458.30469,1974,66529.44531,Jan,2014,Wednesday,34.17340663,-928.859375,,,
64640.37109,1892,63757.83984,Jan,2014,Thursday,34.165101,-882.53125,,,
137693.875,4030,135609.5,Jan,2014,Friday,34.16721464,-2084.375,,,
181209.125,5304,178435.7188,Feb,2014,Saturday,34.16461633,-2773.40625,,,
113433.5781,3320,111466.5156,Feb,2014,Sunday,34.1667404,-1967.0625,,,
143192.5313,4191,140505.6406,Feb,2014,Monday,34.16667412,-2686.890625,,,
130126.6484,3809,128496.2891,Feb,2014,Tuesday,34.16294262,-1630.359375,,,
187155.875,5764,195078.6094,Feb,2014,Wednesday,32.46979094,7922.734375,,,
102314.7109,3028,101977.9922,Feb,2014,Thursday,33.78953466,-336.71875,,,
301553.8438,9284,313529.1875,Feb,2014,Friday,32.48102582,11975.34375,,,
316073.1875,9737,329754.7813,Feb,2014,Saturday,32.46104421,13681.59375,,,
135178.0469,4163,141530.7031,Feb,2014,Sunday,32.471306,6352.65625,,,
147727.5156,4552,154828.6875,Feb,2014,Monday,32.45332066,7101.171875,,,
135498.75,4172,139824.1563,Feb,2014,Tuesday,32.478128,4325.40625,,,
163432.8438,5037,166893.375,Feb,2014,Wednesday,32.44646491,3460.53125,,,
138291.6406,4259,141027.4375,Feb,2014,Thursday,32.47044861,2735.796875,,,
336901.375,10381,343519.875,Feb,2014,Friday,32.45365331,6618.5,,,
367729.2813,11332,373973.5938,Feb,2014,Saturday,32.45051899,6244.3125,,,
133913.8438,4127,136797.0781,Feb,2014,Sunday,32.44822965,2883.234375,,,
150800.3438,4649,152887.1094,Feb,2014,Monday,32.43715718,2086.765625,,,
55591.92969,1627,53463.24609,Feb,2014,Tuesday,34.1683649,-2128.683594,,,
106427.1953,3281,107736.4453,Feb,2014,Wednesday,32.43742618,1309.25,,,
78940.55469,2310,75934.39844,Feb,2014,Thursday,34.1734003,-3006.15625,,,
317916.3125,9802,322089.7813,Feb,2014,Friday,32.4338209,4173.46875,,,
309217.875,9772,320116.9375,Feb,2014,Saturday,31.64325368,10899.0625,,,
138491.5469,4270,140752.6094,Feb,2014,Sunday,32.43361754,2261.0625,,,
133146.2188,4106,134505.4063,Feb,2014,Monday,32.42723301,1359.1875,,,
224994.6563,6937,227546.4531,Feb,2014,Tuesday,32.43399975,2551.796875,,,
225051.5938,6934,228214.1406,Feb,2014,Wednesday,32.45624369,3162.546875,,,
344299.6875,11082,365935.6563,Feb,2014,Thursday,31.06837101,21635.96875,,,
661876.5,20805,686656.8125,Feb,2014,Friday,31.81333814,24780.3125,,,
846678.375,26410,872081.5625,Mar,2014,Saturday,32.059007,25403.1875,,,
478902.3125,15004,495554.4375,Mar,2014,Sunday,31.91830928,16652.125,,,
538827.1875,16884,557567.125,Mar,2014,Monday,31.91347948,18739.9375,,,
310346.125,9789,323325.0313,Mar,2014,Tuesday,31.70355756,12978.90625,,,
256390.5156,8079,267308.5,Mar,2014,Wednesday,31.73542711,10917.98438,,,
167803.6563,5072,168135.6875,Mar,2014,Thursday,33.08431708,332.03125,,,
465318.0313,14551,483774.5938,Mar,2014,Friday,31.97842287,18456.5625,,,
520146.75,16262,541498.9375,Mar,2014,Saturday,31.98541077,21352.1875,,,
224699.25,7014,233589.9844,Mar,2014,Sunday,32.03582121,8890.734375,,,
286230.6875,8932,297642.9063,Mar,2014,Monday,32.04553152,11412.21875,,,
187143.0156,5737,191499.0469,Mar,2014,Tuesday,32.6203618,4356.03125,,,
191700.3906,5903,197153.4219,Mar,2014,Wednesday,32.47507888,5453.03125,,,
164663.9688,5056,168975.1719,Mar,2014,Thursday,32.56803179,4311.203125,,,
395941.3438,12167,406765.9063,Mar,2014,Friday,32.54223258,10824.5625,,,
518183.2188,15971,534383.125,Mar,2014,Saturday,32.4452582,16199.90625,,,
226617.9531,6968,233191.1094,Mar,2014,Sunday,32.52266836,6573.15625,,,
243707.875,7494,250794.2188,Mar,2014,Monday,32.52039965,7086.34375,,,
94849.74219,2707,90571.58594,Mar,2014,Tuesday,35.03869309,-4278.15625,,,
92386.78125,2637,88255.84375,Mar,2014,Wednesday,35.03480518,-4130.9375,,,
180394.8281,5149,172344.2969,Mar,2014,Thursday,35.03492486,-8050.53125,,,
200939.6875,5735,192019.1406,Mar,2014,Friday,35.03743461,-8920.546875,,,
172953.9219,4936,165201.3125,Mar,2014,Saturday,35.03928725,-7752.609375,,,
70194.79688,2003,67061.625,Mar,2014,Sunday,35.04483119,-3133.171875,,,
81378.21094,2323,77703.64844,Mar,2014,Monday,35.03151569,-3674.5625,,,
130227.0156,3822,127394.2891,Mar,2014,Tuesday,34.07300252,-2832.726563,,,
125310.0391,3666,122275.1016,Mar,2014,Wednesday,34.18168005,-3034.9375,,,
119452.3359,3543,118186.5781,Mar,2014,Thursday,33.71502567,-1265.757813,,,
276174.7813,8130,271550.9063,Mar,2014,Friday,33.96983779,-4623.875,,,
357369.2813,10518,352250.8438,Mar,2014,Saturday,33.97692349,-5118.4375,,,
163865.4844,4791,160525.4219,Mar,2014,Sunday,34.20277278,-3340.0625,,,
190719.6094,5583,187072.5938,Mar,2014,Monday,34.16077546,-3647.015625,,,
244535.2031,7155,239700.6875,Apr,2014,Tuesday,34.17682783,-4834.515625,,,
155620.5,4575,153366.0156,Apr,2014,Wednesday,34.01540984,-2254.484375,,,
136001.9844,3997,134523.0625,Apr,2014,Thursday,34.02601561,-1478.921875,,,
190559.8906,5558,187742.2969,Apr,2014,Friday,34.28569461,-2817.59375,,,
217110.5,6320,213540.7344,Apr,2014,Saturday,34.35292722,-3569.765625,,,
119190.1016,3447,116856.3125,Apr,2014,Sunday,34.57792328,-2333.789063,,,
131910.2031,3854,130784.4453,Apr,2014,Monday,34.22683008,-1125.757813,,,
118921.3047,3394,115305.8047,Apr,2014,Tuesday,35.0386873,-3615.5,,,
124828.2813,3563,121264.7031,Apr,2014,Wednesday,35.03460041,-3563.578125,,,
179326.4844,5380,183278.5,Apr,2014,Thursday,33.33206029,3952.015625,,,
318949.8125,9573,326322.5313,Apr,2014,Friday,33.31764468,7372.71875,,,
375031.0938,11250,383727.1875,Apr,2014,Saturday,33.33609722,8696.09375,,,
166393.5469,4990,170061.8594,Apr,2014,Sunday,33.34540018,3668.3125,,,
193652.3281,5810,198212.0625,Apr,2014,Monday,33.33086543,4559.734375,,,
249805.5156,7497,255956.6563,Apr,2014,Tuesday,33.32073038,6151.140625,,,
294023.4063,8821,301522.3438,Apr,2014,Wednesday,33.33220794,7498.9375,,,
612236,18366,627927.75,Apr,2014,Thursday,33.33529348,15691.75,,,
464815.5313,13940,476692.5313,Apr,2014,Friday,33.34401228,11877,,,
360480.9375,10814,369765.625,Apr,2014,Saturday,33.334653,9284.6875,,,
114279.5781,3429,117190.8281,Apr,2014,Sunday,33.3273777,2911.25,,,
161170.8281,4834,165415.0781,Apr,2014,Monday,33.34108981,4244.25,,,
182483.1406,5475,187344.7344,Apr,2014,Tuesday,33.330254,4861.59375,,,
109358.4141,3121,106849.8984,Apr,2014,Wednesday,35.03954312,-2508.515625,,,
98430.11719,2809,96197.48438,Apr,2014,Thursday,35.04098155,-2232.632813,,,
295741.3438,8537,292327.0313,Apr,2014,Friday,34.64230336,-3414.3125,,,
285053.9688,8209,281159.5938,Apr,2014,Saturday,34.72456679,-3894.375,,,
124964.7969,3592,123042.1563,Apr,2014,Sunday,34.78975414,-1922.640625,,,
124175.8047,3576,122516.0625,Apr,2014,Monday,34.7247776,-1659.742188,,,
131842.5781,3807,130405.2656,Apr,2014,Tuesday,34.63162021,-1437.3125,,,
154850.0625,4398,150644.3438,Apr,2014,Wednesday,35.2092002,-4205.71875,,,
180294.2656,5124,175656.6563,May,2014,Thursday,35.18623451,-4637.609375,,,
163849.0313,4581,157300.625,May,2014,Friday,35.76708824,-6548.40625,,,
131436.7969,3697,127601.9453,May,2014,Saturday,35.55228479,-3834.851563,,,
93082.04688,2642,91601.50781,May,2014,Sunday,35.23166044,-1480.539063,,,
110887.0156,3154,109460.1563,May,2014,Monday,35.15758263,-1426.859375,,,
119385.5781,3324,115693.1094,May,2014,Tuesday,35.91623891,-3692.46875,,,
91719.58594,2677,93157.17188,May,2014,Wednesday,34.26207917,1437.585938,,,
96335.44531,2683,93696.21875,May,2014,Thursday,35.90586855,-2639.226563,,,
303226.3125,9328,325836.9375,May,2014,Friday,32.50710897,22610.625,,,
431695.7188,13306,465253.8125,May,2014,Saturday,32.44368847,33558.09375,,,
200407.2813,6173,215907.8281,May,2014,Sunday,32.46513547,15500.54688,,,
183413.7031,5653,197835.5,May,2014,Monday,32.44537469,14421.79688,,,
146166.5938,4503,157693.1875,May,2014,Tuesday,32.45982539,11526.59375,,,
201120.7344,6253,218098.7656,May,2014,Wednesday,32.16387884,16978.03125,,,
270123.5625,8408,289864.8125,May,2014,Thursday,32.12696985,19741.25,,,
415315.375,12949,441790.7813,May,2014,Friday,32.07316202,26475.40625,,,
498717,15508,526707.375,May,2014,Saturday,32.15869229,27990.375,,,
166433.1719,5141,174376.625,May,2014,Sunday,32.37369614,7943.453125,,,
168520.625,5194,175540.1094,May,2014,Monday,32.44524933,7019.484375,,,
178123.5313,5550,187748.1719,May,2014,Tuesday,32.09432995,9624.640625,,,
194878.7969,6070,204460.6719,May,2014,Wednesday,32.10523836,9581.875,,,
115475.0938,3421,115011.3203,May,2014,Thursday,33.75477748,-463.7734375,,,
430521.0313,13384,449274.1875,May,2014,Friday,32.16684334,18753.15625,,,
590642.8125,18356,614245.8125,May,2014,Saturday,32.17709809,23603,,,
210764.7188,6500,217364.4688,May,2014,Sunday,32.42534135,6599.75,,,
218189.3438,6752,225607.5938,May,2014,Monday,32.31477247,7418.25,,,
226132.4688,7023,234496.5156,May,2014,Tuesday,32.1988422,8364.046875,,,
243720.875,7579,252929.2969,May,2014,Wednesday,32.15739214,9208.421875,,,
207429.4219,6448,215118.8438,May,2014,Thursday,32.16957535,7689.421875,,,
503149.4375,15637,521651.0938,May,2014,Friday,32.17685218,18501.65625,,,
603748.8125,18775,626259.375,May,2014,Saturday,32.15706059,22510.5625,,,
456017.4688,14188,473223.9688,Jun,2014,Sunday,32.14106772,17206.5,,,
425845.1875,13256,442156,Jun,2014,Monday,32.12471239,16310.8125,,,
328217.7813,10223,340913.5938,Jun,2014,Tuesday,32.10581838,12695.8125,,,
286406,8904,296902.6875,Jun,2014,Wednesday,32.16599281,10496.6875,,,
184989.8906,5783,192824.8906,Jun,2014,Thursday,31.98856833,7835,,,
288118.3125,9005,300213.5625,Jun,2014,Friday,31.99537063,12095.25,,,
391930.875,12222,407438.9063,Jun,2014,Saturday,32.06765464,15508.03125,,,
193772.5781,6037,201254.7188,Jun,2014,Sunday,32.09749513,7482.140625,,,
214177.9844,6607,220255.2188,Jun,2014,Monday,32.41682827,6077.234375,,,
188334.5156,5857,195254.7813,Jun,2014,Tuesday,32.15545768,6920.265625,,,
174325,5429,180978.5938,Jun,2014,Wednesday,32.109965,6653.59375,,,
200271.5625,6232,207757.7031,Jun,2014,Thursday,32.13600168,7486.140625,,,
468701.625,14585,486180.5313,Jun,2014,Friday,32.13586733,17478.90625,,,
473425.75,14745,492135.2813,Jun,2014,Saturday,32.10754493,18709.53125,,,
224232.125,6991,233554.0313,Jun,2014,Sunday,32.07439923,9321.90625,,,
185606.2813,5788,193340.3125,Jun,2014,Monday,32.06742938,7734.03125,,,
212687.5156,6632,221403.6406,Jun,2014,Tuesday,32.06989078,8716.125,,,
184259.6875,5752,192057.5156,Jun,2014,Wednesday,32.03402078,7797.828125,,,
113735.8125,3578,119544.0234,Jun,2014,Thursday,31.78753843,5808.210938,,,
203165.0781,6119,205350.6406,Jun,2014,Friday,33.20233341,2185.5625,,,
203345.25,6161,206918.9063,Jun,2014,Saturday,33.00523454,3573.65625,,,
134944.4844,4015,135372.5313,Jun,2014,Sunday,33.61008328,428.046875,,,
138298.2031,4133,139206.0313,Jun,2014,Monday,33.46194124,907.828125,,,
36692.67969,1047,35299.0625,Jun,2014,Tuesday,35.04553934,-1393.617188,,,
56077.54297,1601,53925.25781,Jun,2014,Wednesday,35.02657275,-2152.285156,,,
55780.70703,1592,53688.24219,Jun,2014,Thursday,35.03813256,-2092.464844,,,
131721.2344,3759,127302.4297,Jun,2014,Friday,35.04156275,-4418.804688,,,
146169.0781,4172,141012.3281,Jun,2014,Saturday,35.03573301,-5156.75,,,
62073.58594,1772,60083.87109,Jun,2014,Sunday,35.03024037,-1989.714844,,,
93619.84375,2672,90294.375,Jun,2014,Monday,35.03736667,-3325.46875,,,
180183.0313,5143,173842.9219,Jul,2014,Tuesday,35.03461623,-6340.109375,,,
104760.7031,2990,101615.7344,Jul,2014,Wednesday,35.03702446,-3144.96875,,,
93450.53125,2667,90927.08594,Jul,2014,Thursday,35.03956927,-2523.445313,,,
98087.55469,2799,95423.27344,Jul,2014,Friday,35.04378517,-2664.28125,,,
117562.2656,3355,114395.625,Jul,2014,Saturday,35.04091375,-3166.640625,,,
70153.07813,2002,68252.24219,Jul,2014,Sunday,35.04149756,-1900.835938,,,
68918.41406,1967,66990.88281,Jul,2014,Monday,35.03732286,-1927.53125,,,
108417.4063,3094,105373.2969,Jul,2014,Tuesday,35.04117849,-3044.109375,,,
81802.60938,2335,79496.49219,Jul,2014,Wednesday,35.03323742,-2306.117188,,,
103998.5625,2968,101270.9688,Jul,2014,Thursday,35.03994693,-2727.59375,,,
134018.0938,3825,130633.2656,Jul,2014,Friday,35.03741013,-3384.828125,,,
99277.29688,2833,96688.5,Jul,2014,Saturday,35.04316868,-2588.796875,,,
49705.23047,1419,48370.30859,Jul,2014,Sunday,35.02835128,-1334.921875,,,
75384.57813,2151,73393.44531,Jul,2014,Monday,35.04629387,-1991.132813,,,
110288.2344,3148,107437.3828,Jul,2014,Tuesday,35.03438195,-2850.851563,,,
156536.6875,4825,164641.3594,Jul,2014,Wednesday,32.44283679,8104.671875,,,
80823.0625,2307,78844.85938,Jul,2014,Thursday,35.03383723,-1978.203125,,,
124615.6875,3557,121612.1797,Jul,2014,Friday,35.03392958,-3003.507813,,,
242758.9531,7485,255779.8594,Jul,2014,Saturday,32.43272587,13020.90625,,,
85078.24219,2428,83020.51563,Jul,2014,Sunday,35.04046219,-2057.726563,,,
86738.07031,2475,84643.27344,Jul,2014,Monday,35.04568497,-2094.796875,,,
56673.61719,1618,55278.70703,Jul,2014,Tuesday,35.02695747,-1394.910156,,,
165742.1719,5106,173725.3594,Jul,2014,Wednesday,32.46027651,7983.1875,,,
95618.25,2729,92416.90625,Jul,2014,Thursday,35.03783437,-3201.34375,,,
515698.7813,15897,538260.25,Jul,2014,Friday,32.44000637,22561.46875,,,
562590.375,17343,586670.5,Jul,2014,Saturday,32.43904601,24080.125,,,
266305.9375,8207,277238,Jul,2014,Sunday,32.44863379,10932.0625,,,
292634.75,9018,304508.375,Jul,2014,Monday,32.45007208,11873.625,,,
212361,6548,221017.0781,Jul,2014,Tuesday,32.43142944,8656.078125,,,
198019.3281,6102,205903.8281,Jul,2014,Wednesday,32.45154509,7884.5,,,
295508.3125,9108,307222.4063,Jul,2014,Thursday,32.44491793,11714.09375,,,
611894.6875,18867,636341.3125,Aug,2014,Friday,32.43200761,24446.625,,,
628685.25,19384,653779.9375,Aug,2014,Saturday,32.43320522,25094.6875,,,
307272.6875,9473,319500,Aug,2014,Sunday,32.43668189,12227.3125,,,
362106.5313,11170,376645.75,Aug,2014,Monday,32.41777361,14539.21875,,,
262349.5938,8091,272809.2813,Aug,2014,Tuesday,32.42486636,10459.6875,,,
80697.90625,2303,77649.63281,Aug,2014,Wednesday,35.0403414,-3048.273438,,,
103272.625,2947,99367.23438,Aug,2014,Thursday,35.04330675,-3905.390625,,,
439421.4375,13542,456509.625,Aug,2014,Friday,32.44878434,17088.1875,,,
408616.3438,12588,424340.9375,Aug,2014,Saturday,32.46078358,15724.59375,,,
195866.7656,6032,203331.4375,Aug,2014,Sunday,32.47128077,7464.671875,,,
232347.3594,7158,241134.5313,Aug,2014,Monday,32.4598155,8787.171875,,,
190325.1875,5863,197438.1094,Aug,2014,Tuesday,32.46208213,7112.921875,,,
197698.125,6092,205114.125,Aug,2014,Wednesday,32.4520888,7416,,,
177908.8281,5485,184687.5313,Aug,2014,Thursday,32.43552017,6778.703125,,,
473321.875,14587,491559.4375,Aug,2014,Friday,32.44819874,18237.5625,,,
541600.875,16686,562953.375,Aug,2014,Saturday,32.45840076,21352.5,,,
239513.9844,7380,249203.125,Aug,2014,Sunday,32.45446943,9689.140625,,,
255224.2188,7864,265532.5313,Aug,2014,Monday,32.45475823,10308.3125,,,
160372.0469,4941,167021.1563,Aug,2014,Tuesday,32.45740677,6649.109375,,,
171587.3281,5151,174723.1719,Aug,2014,Wednesday,33.31145955,3135.84375,,,
164208.0625,4928,167239.6563,Aug,2014,Thursday,33.32144125,3031.59375,,,
376778.8438,11309,384006.0313,Aug,2014,Friday,33.31672506,7227.1875,,,
453633.4688,13613,463250.0625,Aug,2014,Saturday,33.32354872,9616.59375,,,
214392.4063,6424,218347.7969,Aug,2014,Sunday,33.37366224,3955.390625,,,
316404.0625,9493,323293.4063,Aug,2014,Monday,33.33024992,6889.34375,,,
242824.5,7619,259860.5156,Aug,2014,Tuesday,31.87091482,17036.01563,,,
274712.25,8909,304334.7813,Aug,2014,Wednesday,30.83536312,29622.53125,,,
258066.1719,8400,287168.5625,Aug,2014,Thursday,30.72216332,29102.39063,,,
594007.1875,19317,660937.8125,Aug,2014,Friday,30.75048856,66930.625,,,
717096.6875,23310,797788.875,Aug,2014,Saturday,30.76347866,80692.1875,,,
358171,11646,398562.5938,Aug,2014,Sunday,30.75485145,40391.59375,,,
594953.625,19366,662851,Sep,2014,Monday,30.72155453,67897.375,,,
469469.9375,15291,523480.3125,Sep,2014,Tuesday,30.70236986,54010.375,,,
464067.8125,15100,517180.5313,Sep,2014,Wednesday,30.73296772,53112.71875,,,
312311.9688,10164,348177.125,Sep,2014,Thursday,30.72726965,35865.15625,,,
501279,16310,558766.6875,Sep,2014,Friday,30.73445739,57487.6875,,,
552703.875,17985,616169.875,Sep,2014,Saturday,30.73138032,63466,,,
234153.7656,7620,261088.3906,Sep,2014,Sunday,30.72884063,26934.625,,,
244481.5,7958,272633.4063,Sep,2014,Monday,30.72147525,28151.90625,,,
122749.6328,3503,120070.9531,Sep,2014,Tuesday,35.04128827,-2678.679688,,,
78736.40625,2247,77071.53906,Sep,2014,Wednesday,35.04067924,-1664.867188,,,
70875.10938,2023,69489.35938,Sep,2014,Thursday,35.03465614,-1385.75,,,
148634.3906,4242,145956.1406,Sep,2014,Friday,35.03875309,-2678.25,,,
171724.8281,4901,168652.2031,Sep,2014,Saturday,35.03873253,-3072.625,,,
86435.69531,2467,84948.375,Sep,2014,Sunday,35.0367634,-1487.320313,,,
120236.1797,3432,118094.0469,Sep,2014,Monday,35.03385189,-2142.132813,,,
83204.19531,2375,81753.42188,Sep,2014,Tuesday,35.03334539,-1450.773438,,,
73768.03125,2105,72471.92188,Sep,2014,Wednesday,35.04419537,-1296.109375,,,
69425.44531,1982,68280.38281,Sep,2014,Thursday,35.02797443,-1145.0625,,,
137154.9531,3915,135276.9063,Sep,2014,Friday,35.03319365,-1878.046875,,,
153569.0625,4383,151376.1406,Sep,2014,Saturday,35.03743155,-2192.921875,,,
75633.32031,2159,74546.67188,Sep,2014,Sunday,35.03164442,-1086.648438,,,
90815.92969,2592,89653.64063,Sep,2014,Monday,35.03700991,-1162.289063,,,
110118.1563,3143,108880.4063,Sep,2014,Tuesday,35.03600262,-1237.75,,,
209908.3906,6457,223554.0938,Sep,2014,Wednesday,32.50865582,13645.70313,,,
358365.6875,11039,382967.9688,Sep,2014,Thursday,32.46360064,24602.28125,,,
585464,18036,625980.9375,Sep,2014,Friday,32.46085607,40516.9375,,,
617019.0625,19017,661010.5625,Sep,2014,Saturday,32.44565718,43991.5,,,
283850.5938,8747,304440.6563,Sep,2014,Sunday,32.45119398,20590.0625,,,
264317.125,8147,283912.9688,Sep,2014,Monday,32.44349147,19595.84375,,,
358024.9688,11036,384823.4375,Sep,2014,Tuesday,32.44155208,26798.46875,,,
594438.25,18330,639306.5625,Oct,2014,Wednesday,32.42980087,44868.3125,,,
470507.6563,14503,506072.0313,Oct,2014,Thursday,32.44209172,35564.375,,,
518693.5313,15986,557939.375,Oct,2014,Friday,32.4467366,39245.84375,,,
656245.8125,20223,705891.3125,Oct,2014,Saturday,32.45046791,49645.5,,,
280055.125,8631,301279.6563,Oct,2014,Sunday,32.44758719,21224.53125,,,
375648.0313,11579,404178.9063,Oct,2014,Monday,32.44218251,28530.875,,,
78111.71875,2127,74251.875,Oct,2014,Tuesday,36.72389222,-3859.84375,,,
70509.13281,1923,67141.97656,Oct,2014,Wednesday,36.66621571,-3367.15625,,,
103281.3125,2809,98065.9375,Oct,2014,Thursday,36.76800018,-5215.375,,,
179841.4375,4891,170757.5781,Oct,2014,Friday,36.76987068,-9083.859375,,,
138038.2344,3758,131192.3125,Oct,2014,Saturday,36.73183459,-6845.921875,,,
61037.5625,1661,57992.33984,Oct,2014,Sunday,36.74747893,-3045.222656,,,
86799.75781,2360,82392.33594,Oct,2014,Monday,36.7795584,-4407.421875,,,
69570.5,1894,66313.9375,Oct,2014,Tuesday,36.73204857,-3256.5625,,,
130476.3516,3548,124398.4297,Oct,2014,Wednesday,36.77461994,-6077.921875,,,
95229.77344,2591,91087.85156,Oct,2014,Thursday,36.75406154,-4141.921875,,,
121057.8594,3293,116949.7891,Oct,2014,Friday,36.76218019,-4108.070313,,,
169498.9219,4611,164492.9531,Oct,2014,Saturday,36.75968811,-5005.96875,,,
90692.375,2468,87911.21094,Oct,2014,Sunday,36.74731564,-2781.164063,,,
101723.9141,2773,98870.8125,Oct,2014,Monday,36.68370504,-2853.101563,,,
103395.6875,2815,100424.1563,Oct,2014,Tuesday,36.73026199,-2971.53125,,,
99075.60156,2701,96511.71875,Oct,2014,Wednesday,36.68108166,-2563.882813,,,
97476.14844,2651,94763.84375,Oct,2014,Thursday,36.76957693,-2712.304688,,,
248974.6563,6781,241961.1406,Oct,2014,Friday,36.71651029,-7013.515625,,,
302721.6875,8249,294129.6563,Oct,2014,Saturday,36.69798612,-8592.03125,,,
128520.7266,3502,124739.2344,Oct,2014,Sunday,36.6992366,-3781.492188,,,
145185.2656,3949,140651.9375,Oct,2014,Monday,36.76507106,-4533.328125,,,
89527.55469,2435,87067.05469,Oct,2014,Tuesday,36.76696291,-2460.5,,,
81991.88281,2232,80112.54688,Oct,2014,Wednesday,36.73471452,-1879.335938,,,
69704.49219,1898,68293.09375,Oct,2014,Thursday,36.72523298,-1411.398438,,,
166652.3906,4537,163319.7188,Oct,2014,Friday,36.73184717,-3332.671875,,,
247453.1094,6730,242638.7969,Nov,2014,Saturday,36.7686641,-4814.3125,,,
148476.1875,4038,145646.3438,Nov,2014,Sunday,36.7697344,-2829.84375,,,
205368.9219,5581,201281.2344,Nov,2014,Monday,36.79787169,-4087.6875,,,
99244.67969,2519,90949.44531,Nov,2014,Tuesday,39.3984437,-8295.234375,,,
72756.85938,1847,67872.77344,Nov,2014,Wednesday,39.39191087,-4884.085938,,,
86867.46094,2309,84486.08594,Nov,2014,Thursday,37.6212477,-2381.375,,,
140167.7969,3722,136539.2031,Nov,2014,Friday,37.65926837,-3628.59375,,,
160727.2969,4268,156700.8281,Nov,2014,Saturday,37.65869186,-4026.46875,,,
74115.625,1968,71994.34375,Nov,2014,Sunday,37.66037856,-2121.28125,,,
76103.28906,2016,73967.60938,Nov,2014,Monday,37.74964735,-2135.679688,,,
56303.36719,1497,54996.86719,Nov,2014,Tuesday,37.61079972,-1306.5,,,
49436.81641,1314,48289.89063,Nov,2014,Wednesday,37.62314795,-1146.925781,,,
55033.12109,1466,53997.21875,Nov,2014,Thursday,37.53964604,-1035.902344,,,
149808.1719,3984,146994.8906,Nov,2014,Friday,37.60245278,-2813.28125,,,
180685.5156,4802,176898.2813,Nov,2014,Saturday,37.62713778,-3787.234375,,,
75871.4375,2017,73905.8125,Nov,2014,Sunday,37.6159829,-1965.625,,,
86313.33594,2297,84418.78906,Nov,2014,Monday,37.57655026,-1894.546875,,,
62631.79688,1665,61158.35938,Nov,2014,Tuesday,37.61669482,-1473.4375,,,
48529.10156,1291,47409.55469,Nov,2014,Wednesday,37.59031879,-1119.546875,,,
51040.88281,1361,50038.14453,Nov,2014,Thursday,37.50248553,-1002.738281,,,
53973.92188,1281,47192.5,Nov,2014,Friday,42.13420911,-6781.421875,,,
47497.98438,1122,41179.08984,Nov,2014,Saturday,42.33331941,-6318.894531,,,
31219.95117,737,26893.30469,Nov,2014,Sunday,42.36085641,-4326.646484,,,
26870.32422,641,23516.04102,Nov,2014,Monday,41.91938256,-3354.283203,,,
40530.64063,968,35674.19141,Nov,2014,Tuesday,41.87049651,-4856.449219,,,
30371.43164,709,26054.84961,Nov,2014,Wednesday,42.83699808,-4316.582031,,,
37776.66016,880,32719.68945,Nov,2014,Thursday,42.9280229,-5056.970703,,,
46818.20703,1096,40652.57813,Nov,2014,Friday,42.71734218,-6165.628906,,,
88321.625,2068,79880.24219,Nov,2014,Saturday,42.70871615,-8441.382813,,,
101037.8281,2375,93177.88281,Nov,2014,Sunday,42.54224342,-7859.945313,,,
105100.6641,2492,97257.39844,Dec,2014,Monday,42.17522635,-7843.265625,,,
88219.52344,2170,85533.42969,Dec,2014,Tuesday,40.65415827,-2686.09375,,,
71590.36719,1784,69654.92969,Dec,2014,Wednesday,40.12912959,-1935.4375,,,
54996.62109,1368,54503.02734,Dec,2014,Thursday,40.2022084,-493.59375,,,
77884.17969,1914,77619.29688,Dec,2014,Friday,40.69183892,-264.8828125,,,
150370.1094,3765,154998.8281,Dec,2014,Saturday,39.93894007,4628.71875,,,
104675.375,2712,111903.7344,Dec,2014,Sunday,38.59711468,7228.359375,,,
90121.53125,2222,91081.67188,Dec,2014,Monday,40.55874494,960.140625,,,
75425.44531,1861,77014.25781,Dec,2014,Tuesday,40.52952462,1588.8125,,,
161844.8125,4095,169348.5156,Dec,2014,Wednesday,39.52254274,7503.703125,,,
158603.3594,4157,171693,Dec,2014,Thursday,38.15332196,13089.64063,,,
279092.0938,7259,301236.125,Dec,2014,Friday,38.44773299,22144.03125,,,
369351,9654,402564.6875,Dec,2014,Saturday,38.25885643,33213.6875,,,
177500.1094,4632,192327.3281,Dec,2014,Sunday,38.32040358,14827.21875,,,
282246.625,7341,304489.625,Dec,2014,Monday,38.44798052,22243,,,
166037.9219,4308,179571.125,Dec,2014,Tuesday,38.54176459,13533.20313,,,
148911,3865,161137.5156,Dec,2014,Wednesday,38.52807245,12226.51563,,,
202359.1406,5288,221435.7656,Dec,2014,Thursday,38.26761358,19076.625,,,
274343.6563,7141,299516.8438,Dec,2014,Friday,38.41810058,25173.1875,,,
316167.0625,8268,346378.3125,Dec,2014,Saturday,38.23984791,30211.25,,,
173833.4063,4541,190644.5,Dec,2014,Sunday,38.28086462,16811.09375,,,
204565.0781,5014,210188.9063,Dec,2014,Monday,40.79877904,5623.828125,,,
316394.7188,7778,326627.125,Dec,2014,Tuesday,40.67815875,10232.40625,,,
486230.3125,11809,495909.0938,Dec,2014,Wednesday,41.17455437,9678.78125,,,
137686.5313,3344,140525.7813,Dec,2014,Thursday,41.17420193,2839.25,,,
48102.96094,1169,49028.36328,Dec,2014,Friday,41.14881175,925.4023438,,,
110162.1328,2676,112383.5625,Dec,2014,Saturday,41.1667163,2221.429688,,,
69051.33594,1677,70482.71875,Dec,2014,Sunday,41.17551338,1431.382813,,,
133307.375,3237,136003.4844,Dec,2014,Monday,41.18238338,2696.109375,,,
216389.5,5607,235723.7656,Dec,2014,Tuesday,38.59274122,19334.26563,,,
365055.3125,9464,398013.3438,Dec,2014,Wednesday,38.57304654,32958.03125,,,
112161.4219,2905,122170.4297,Jan,2015,Thursday,38.60978378,10009.00781,,,
271101.4688,7023,295019.4688,Jan,2015,Friday,38.60194628,23918,,,
245813.2813,6371,267734.7188,Jan,2015,Saturday,38.58315512,21921.4375,,,
178394.8125,4624,194427.4531,Jan,2015,Sunday,38.58019301,16032.64063,,,
220443.625,5717,239988.0313,Jan,2015,Monday,38.5593187,19544.40625,,,
181534.1875,4705,197328.9375,Jan,2015,Tuesday,38.5832492,15794.75,,,
83176.48438,2020,84728.82813,Jan,2015,Wednesday,41.17647741,1552.34375,,,
76894.78125,1868,78468.09375,Jan,2015,Thursday,41.16422979,1573.3125,,,
123859.3906,3008,126444.1406,Jan,2015,Friday,41.17665912,2584.75,,,
120807.5703,2934,123392.8047,Jan,2015,Saturday,41.17504101,2585.234375,,,
69597.36719,1690,71051.36719,Jan,2015,Sunday,41.18187408,1454,,,
84738.29688,2058,86467.53906,Jan,2015,Monday,41.17507137,1729.242188,,,
64653.97266,1570,65980.42188,Jan,2015,Tuesday,41.1808743,1326.449219,,,
59553.38672,1446,60703.35547,Jan,2015,Wednesday,41.18491474,1149.96875,,,
79080.75781,1921,80337.75,Jan,2015,Thursday,41.16645383,1256.992188,,,
149444.0625,3629,152030.9844,Jan,2015,Friday,41.18050772,2586.921875,,,
170624.0781,4144,173547.0313,Jan,2015,Saturday,41.17376403,2922.953125,,,
74744.28125,1815,76003.92969,Jan,2015,Sunday,41.18142218,1259.648438,,,
90144.16406,2189,91110.96875,Jan,2015,Monday,41.18052264,966.8046875,,,
97826.8125,2376,99134.30469,Jan,2015,Tuesday,41.17290088,1307.492188,,,
62795.98047,1525,64144.08984,Jan,2015,Wednesday,41.17769211,1348.109375,,,
66550.99219,1616,67952.14844,Jan,2015,Thursday,41.18254467,1401.15625,,,
154670.8906,3757,158031.7969,Jan,2015,Friday,41.16872255,3360.90625,,,
158722.1094,3855,162082.4219,Jan,2015,Saturday,41.17305042,3360.3125,,,
78092.27344,1897,79795.04688,Jan,2015,Sunday,41.1661958,1702.773438,,,
91830.39844,2230,93808.08594,Jan,2015,Monday,41.17955087,1977.6875,,,
76992.9375,1870,78614.46094,Jan,2015,Tuesday,41.17269385,1621.523438,,,
59897.71484,1455,61194.17969,Jan,2015,Wednesday,41.16681433,1296.464844,,,
57310.19531,1392,58531.41016,Jan,2015,Thursday,41.17111732,1221.214844,,,
134540.2188,3268,137221.5313,Jan,2015,Friday,41.16897759,2681.3125,,,
200193.6094,4862,203814.7344,Jan,2015,Saturday,41.17515619,3621.125,,,
171469.9375,4165,174652.4531,Feb,2015,Sunday,41.1692527,3182.515625,,,
151737.2188,3685,154148.5938,Feb,2015,Monday,41.17699288,2411.375,,,
102072.4453,2479,103634.9609,Feb,2015,Tuesday,41.17484684,1562.515625,,,
82514.10156,2005,83232.39063,Feb,2015,Wednesday,41.15416537,718.2890625,,,
46211.33203,1122,46407.30078,Feb,2015,Thursday,41.18657044,195.96875,,,
85730.41406,2082,85765.71094,Feb,2015,Friday,41.176952,35.296875,,,
105918.2969,2573,105662.5547,Feb,2015,Saturday,41.16529222,-255.7421875,,,
73041.66406,1774,73046.23438,Feb,2015,Sunday,41.17342957,4.5703125,,,
97908.54688,2378,97097.9375,Feb,2015,Monday,41.17264377,-810.609375,,,
138667.4219,3677,148522.8438,Feb,2015,Tuesday,37.71210821,9855.421875,,,
162162.1094,4299,173661.8281,Feb,2015,Wednesday,37.72089076,11499.71875,,,
138520.125,3674,147756.3438,Feb,2015,Thursday,37.70281029,9236.21875,,,
358597.4375,9505,382447.0938,Feb,2015,Friday,37.72724224,23849.65625,,,
424009.875,11237,451548.0313,Feb,2015,Saturday,37.73336967,27538.15625,,,
203861.4688,5406,217065.6094,Feb,2015,Sunday,37.71022359,13204.14063,,,
220506.2031,5846,234723.2188,Feb,2015,Monday,37.71915893,14217.01563,,,
139935.9375,3713,148697.5469,Feb,2015,Tuesday,37.68810598,8761.609375,,,
161064.75,4270,170739.3594,Feb,2015,Wednesday,37.72008197,9674.609375,,,
144328.5469,3827,152824.1094,Feb,2015,Thursday,37.71323409,8495.5625,,,
293071.75,7770,310240.375,Feb,2015,Friday,37.71837194,17168.625,,,
267782.1563,7102,283430.3438,Feb,2015,Saturday,37.70517548,15648.1875,,,
136052.6875,3608,144020.125,Feb,2015,Sunday,37.70861627,7967.4375,,,
86703.3125,2150,85730.96875,Feb,2015,Monday,40.32712209,-972.34375,,,
95474.35938,2530,100867.5234,Feb,2015,Tuesday,37.73690094,5393.164063,,,
198431.625,5253,209499.7969,Feb,2015,Wednesday,37.77491433,11068.17188,,,
157291.7344,4171,166305.0313,Feb,2015,Thursday,37.71079702,9013.296875,,,
307540.6875,8156,324997.3438,Feb,2015,Friday,37.70729371,17456.65625,,,
350898.75,9296,375030.625,Feb,2015,Saturday,37.74728378,24131.875,,,
256701.5469,6803,276569.25,Mar,2015,Sunday,37.73358031,19867.70313,,,
234705.5938,6221,252709.8281,Mar,2015,Monday,37.7279527,18004.23438,,,
249380.5625,6611,268761.8438,Mar,2015,Tuesday,37.72206361,19381.28125,,,
258211.4375,6843,278825.5938,Mar,2015,Wednesday,37.73366031,20614.15625,,,
145975.8281,3858,157578,Mar,2015,Thursday,37.83717681,11602.17188,,,
269239.8438,7128,291365.0313,Mar,2015,Friday,37.77214418,22125.1875,,,
306920.2188,8127,332242.4063,Mar,2015,Saturday,37.76550003,25322.1875,,,
122106.7969,2966,121394.8125,Mar,2015,Sunday,41.16884588,-711.984375,,,
117661.2813,2858,116861.1563,Mar,2015,Monday,41.16909771,-800.125,,,
62499.80078,1518,62073.87109,Mar,2015,Tuesday,41.17246428,-425.9296875,,,
57063.98438,1386,56638.28125,Mar,2015,Wednesday,41.1717059,-425.703125,,,
48008.48438,1166,47681.67188,Mar,2015,Thursday,41.17365727,-326.8125,,,
117446.8359,2853,116681.1406,Mar,2015,Friday,41.1660834,-765.6953125,,,
150591.5469,3657,149573.8281,Mar,2015,Saturday,41.17898465,-1017.71875,,,
67152.47656,1631,66802.98438,Mar,2015,Sunday,41.17257913,-349.4921875,,,
80635.28906,1959,80121.28906,Mar,2015,Monday,41.16145435,-514,,,
50669.63672,1230,50308.95703,Mar,2015,Tuesday,41.1948266,-360.6796875,,,
48648.99219,1182,48362.07031,Mar,2015,Wednesday,41.15819982,-286.921875,,,
43213.17578,1050,42981.21875,Mar,2015,Thursday,41.15540551,-231.9570313,,,
96881.01563,2353,96453.28906,Mar,2015,Friday,41.17340231,-427.7265625,,,
121360.8828,2947,120829.2891,Mar,2015,Saturday,41.18116146,-531.59375,,,
66954.36719,1626,66756.375,Mar,2015,Sunday,41.17734759,-197.9921875,,,
81342.14844,1976,81132.01563,Mar,2015,Monday,41.16505488,-210.1328125,,,
125060.7109,3312,136375.1563,Mar,2015,Tuesday,37.75987649,11314.44531,,,
253218.8281,6704,276194.8438,Mar,2015,Wednesday,37.77130491,22976.01563,,,
229184.4688,6077,250361.1563,Mar,2015,Thursday,37.71342254,21176.6875,,,
354191.3438,9386,386464.6563,Mar,2015,Friday,37.73613294,32273.3125,,,
459484.6563,12181,501362.5625,Mar,2015,Saturday,37.72142322,41877.90625,,,
224102.8906,5937,244359.8125,Mar,2015,Sunday,37.74682342,20256.92188,,,
215203.5625,5706,234819.4531,Mar,2015,Monday,37.71531064,19615.89063,,,
355534.9063,9421,386988.9063,Mar,2015,Tuesday,37.73855283,31454,,,
498894.3438,13207,542483.8125,Apr,2015,Wednesday,37.77499385,43589.46875,,,
715032.1875,18936,777522.1875,Apr,2015,Thursday,37.76046618,62490,,,
510289.2188,13503,554159.8125,Apr,2015,Friday,37.79080343,43870.59375,,,
400302.0313,10600,434872.7188,Apr,2015,Saturday,37.76434257,34570.6875,,,
135578.2031,3591,147335.9219,Apr,2015,Sunday,37.75499948,11757.71875,,,
182466.25,4836,198405.2344,Apr,2015,Monday,37.73082093,15938.98438,,,
176814.2031,4348,178390.1563,Apr,2015,Tuesday,40.66564009,1575.953125,,,
100917.6719,2451,100579.125,Apr,2015,Wednesday,41.17408073,-338.546875,,,
74690.67188,1814,74427.58594,Apr,2015,Thursday,41.17457104,-263.0859375,,,
114067.0781,2770,113653.9766,Apr,2015,Friday,41.17945059,-413.1015625,,,
126507.8047,3072,126043.7656,Apr,2015,Saturday,41.18092601,-464.0390625,,,
79648.63281,1934,79349.40625,Apr,2015,Sunday,41.18336753,-299.2265625,,,
83137.42969,2019,82700.35156,Apr,2015,Monday,41.17752832,-437.078125,,,
40776.02734,979,39940.19922,Apr,2015,Tuesday,41.65069187,-835.828125,,,
58278.45703,1398,56969.92188,Apr,2015,Wednesday,41.6870222,-1308.535156,,,
50000.10156,1198,48827.88672,Apr,2015,Thursday,41.73631182,-1172.214844,,,
103911.9219,2485,101408.9531,Apr,2015,Friday,41.81566273,-2502.96875,,,
132843.2188,3172,129545.5313,Apr,2015,Saturday,41.87995547,-3297.6875,,,
62786.60938,1497,61213.25781,Apr,2015,Sunday,41.94162283,-1573.351563,,,
57233.40625,1365,55706.875,Apr,2015,Monday,41.92923535,-1526.53125,,,
56874.34375,1353,55172.17188,Apr,2015,Tuesday,42.03573078,-1702.171875,,,
132737.7344,3439,140263.9375,Apr,2015,Wednesday,38.59777097,7526.203125,,,
60310.33984,1434,58446.05469,Apr,2015,Thursday,42.0574197,-1864.285156,,,
343587,8892,362390.5938,Apr,2015,Friday,38.6400135,18803.59375,,,
496882.3125,13144,535306,Apr,2015,Saturday,37.80297569,38423.6875,,,
200369.8281,5179,210964.7656,Apr,2015,Sunday,38.6889029,10594.9375,,,
194028.0625,5014,204053.5,Apr,2015,Monday,38.69726017,10025.4375,,,
190560.5781,4936,200804.0313,Apr,2015,Tuesday,38.60627596,10243.45313,,,
198985.4063,5150,209483.875,Apr,2015,Wednesday,38.63794296,10498.46875,,,
385482.875,9986,406252,Apr,2015,Thursday,38.60233076,20769.125,,,
499703.4063,12937,526206.9375,May,2015,Friday,38.62591066,26503.53125,,,
461667,12217,496852.8125,May,2015,Saturday,37.78890071,35185.8125,,,
259541.6094,6721,273280.0313,May,2015,Sunday,38.61651679,13738.42188,,,
320309.2813,8283,336742.5938,May,2015,Monday,38.67068469,16433.3125,,,
239923,6191,251700.9688,May,2015,Tuesday,38.75351316,11777.96875,,,
224994.1875,5959,242259.8594,May,2015,Wednesday,37.75703767,17265.67188,,,
117197.9688,2848,115769.0859,May,2015,Thursday,41.15097217,-1428.882813,,,
330589.1875,8748,355565.0313,May,2015,Friday,37.7902592,24975.84375,,,
389972.125,10329,419827.125,May,2015,Saturday,37.75507067,29855,,,
166536,4410,179243.0469,May,2015,Sunday,37.76326531,12707.04688,,,
198442.9063,5257,213676.4219,May,2015,Monday,37.74831772,15233.51563,,,
193182.1563,5118,208039.1719,May,2015,Tuesday,37.74563428,14857.01563,,,
166403.125,4410,179221.5781,May,2015,Wednesday,37.73313492,12818.45313,,,
149178.5938,3952,160620.2031,May,2015,Thursday,37.74761988,11441.60938,,,
380592.5625,10084,409812.4375,May,2015,Friday,37.74222159,29219.875,,,
413700.1875,10964,445569.7188,May,2015,Saturday,37.73259645,31869.53125,,,
177159.6719,4695,190811.5781,May,2015,Sunday,37.73368943,13651.90625,,,
196420.7656,5205,211510.7813,May,2015,Monday,37.73693864,15090.01563,,,
137940.875,3638,147846.0469,May,2015,Tuesday,37.91667812,9905.171875,,,
166176.2813,4394,178568.1875,May,2015,Wednesday,37.81890789,12391.90625,,,
84604.375,2012,81763.26563,May,2015,Thursday,42.04988817,-2841.109375,,,
321821.0313,8526,346487.5313,May,2015,Friday,37.74583993,24666.5,,,
418715.4063,11096,450936.2813,May,2015,Saturday,37.73570712,32220.875,,,
169541.2656,4489,182419.1406,May,2015,Sunday,37.76815897,12877.875,,,
256434.5156,6795,276173.7813,May,2015,Monday,37.73870723,19739.26563,,,
199385.9063,5283,214719.75,May,2015,Tuesday,37.74103847,15333.84375,,,
243554.2188,6453,262251.0938,May,2015,Wednesday,37.74278921,18696.875,,,
217746.0156,5770,234483.4219,May,2015,Thursday,37.73761103,16737.40625,,,
472160.75,12507,508265.1563,May,2015,Friday,37.75171904,36104.40625,,,
546135.4375,14475,588250.1875,May,2015,Saturday,37.7295639,42114.75,,,
264637.375,7009,284828.6563,May,2015,Sunday,37.75679484,20191.28125,,,
440906,11688,474967.3125,Jun,2015,Monday,37.72296372,34061.3125,,,
334318.9063,8863,360168.8125,Jun,2015,Tuesday,37.7207386,25849.90625,,,
269835.8438,7148,290492.0938,Jun,2015,Wednesday,37.74983824,20656.25,,,
201146.4844,5326,216428.5,Jun,2015,Thursday,37.7668953,15282.01563,,,
293461.0938,7775,315937.875,Jun,2015,Friday,37.74419212,22476.78125,,,
349413,9255,376094.7188,Jun,2015,Saturday,37.75397083,26681.71875,,,
179602.9219,4758,193348.5938,Jun,2015,Sunday,37.7475666,13745.67188,,,
109810.5469,2613,106166.0781,Jun,2015,Monday,42.02470221,-3644.46875,,,
76956.92188,1830,74212.78906,Jun,2015,Tuesday,42.05296277,-2744.132813,,,
71199.58594,1694,68669.39844,Jun,2015,Wednesday,42.03045215,-2530.1875,,,
68988.34375,1642,66539.16406,Jun,2015,Thursday,42.01482567,-2449.179688,,,
155156.875,3690,149423.25,Jun,2015,Friday,42.0479336,-5733.625,,,
185109.5156,4404,178347.375,Jun,2015,Saturday,42.03213343,-6762.140625,,,
83779.54688,1992,80659.82031,Jun,2015,Sunday,42.05800546,-3119.726563,,,
149501.5781,3557,143962.875,Jun,2015,Monday,42.03024406,-5538.703125,,,
100477.2969,2395,96810.10156,Jun,2015,Tuesday,41.95294233,-3667.195313,,,
89072.70313,2120,85639.30469,Jun,2015,Wednesday,42.015426,-3433.398438,,,
78746.59375,1875,75673.78125,Jun,2015,Thursday,41.99818333,-3072.8125,,,
141913.375,3376,136017.75,Jun,2015,Friday,42.03595231,-5895.625,,,
169304.2813,4027,162287.9063,Jun,2015,Saturday,42.04228489,-7016.375,,,
89512.24219,2128,85781.80469,Jun,2015,Sunday,42.06402358,-3730.4375,,,
85984.07813,2046,82427.23438,Jun,2015,Monday,42.02545363,-3556.84375,,,
64956.46094,1546,62169.77734,Jun,2015,Tuesday,42.01582208,-2786.683594,,,
106613.4297,2822,113428.4766,Jun,2015,Wednesday,37.77938685,6815.046875,,,
183843.8125,4865,195365.7344,Jun,2015,Thursday,37.78906732,11521.92188,,,
319579.7813,8450,339241.6875,Jun,2015,Friday,37.82009246,19661.90625,,,
369245.75,9770,392017.9688,Jun,2015,Saturday,37.79383316,22772.21875,,,
185648.4844,4914,197095.1094,Jun,2015,Sunday,37.77950435,11446.625,,,
165557.7656,4385,175871.1094,Jun,2015,Monday,37.75547677,10313.34375,,,
212465.0781,5627,225678.9375,Jun,2015,Tuesday,37.75814433,13213.85938,,,
305231.9063,8086,324248.8438,Jul,2015,Wednesday,37.74819518,19016.9375,,,
250481.625,6639,266061.9375,Jul,2015,Thursday,37.72881835,15580.3125,,,
268410.4688,7104,284593,Jul,2015,Friday,37.78300517,16182.53125,,,
316365.5,8364,335025.0625,Jul,2015,Saturday,37.82466523,18659.5625,,,
156873.0469,4146,165968.625,Jul,2015,Sunday,37.83720378,9095.578125,,,
173987.75,4601,184188.9844,Jul,2015,Monday,37.81520322,10201.23438,,,
135753.7656,3593,143799.5938,Jul,2015,Tuesday,37.78284599,8045.828125,,,
84426.50781,2114,84588.96094,Jul,2015,Wednesday,39.93685327,162.453125,,,
70815.1875,1797,71913.07031,Jul,2015,Thursday,39.40744992,1097.882813,,,
125983.1484,3195,127884.5859,Jul,2015,Friday,39.43134536,1901.4375,,,
142378.1875,3595,143924.5625,Jul,2015,Saturday,39.60450278,1546.375,,,
57427.67969,1467,58723.03906,Jul,2015,Sunday,39.14633926,1295.359375,,,
63331.33203,1610,64690.05859,Jul,2015,Monday,39.33623108,1358.726563,,,
51241.02734,1307,52509.91797,Jul,2015,Tuesday,39.20507065,1268.890625,,,
80326.4375,2050,81730.27344,Jul,2015,Wednesday,39.18362805,1403.835938,,,
71912.5625,1849,73762.63281,Jul,2015,Thursday,38.89267847,1850.070313,,,
119204.3125,3070,122669.7031,Jul,2015,Friday,38.82876629,3465.390625,,,
129441.2813,3322,132493.4375,Jul,2015,Saturday,38.96486492,3052.15625,,,
77645.75,1982,79555.63281,Jul,2015,Sunday,39.17545409,1909.882813,,,
69926.64844,1787,71362.51563,Jul,2015,Monday,39.13074899,1435.867188,,,
71973.04688,1846,73851.78906,Jul,2015,Tuesday,38.98864944,1878.742188,,,
44304.89844,1142,45468.83594,Jul,2015,Wednesday,38.79588305,1163.9375,,,
66799.72656,1734,69323.64844,Jul,2015,Thursday,38.52348706,2523.921875,,,
125689.5938,3259,130428.2266,Jul,2015,Friday,38.56692045,4738.632813,,,
138624.9375,3572,143537.3906,Jul,2015,Saturday,38.8087731,4912.453125,,,
81715.04688,2109,85089.22656,Jul,2015,Sunday,38.74587334,3374.179688,,,
86842.85938,2242,90242.79688,Jul,2015,Monday,38.73454923,3399.9375,,,
56976.78516,1474,59094.07813,Jul,2015,Tuesday,38.65453538,2117.292969,,,
53433.66797,1381,55516.52734,Jul,2015,Wednesday,38.69201156,2082.859375,,,
55134.08203,1423,57064.75,Jul,2015,Thursday,38.74496278,1930.667969,,,
145033.6094,3740,149876.875,Jul,2015,Friday,38.77903994,4843.265625,,,
173306.9063,4453,178699.9688,Aug,2015,Saturday,38.91913457,5393.0625,,,
88154.33594,2258,90828.66406,Aug,2015,Sunday,39.0408928,2674.328125,,,
81142.03125,2074,83114.57813,Aug,2015,Monday,39.12344805,1972.546875,,,
77672.88281,2007,80417.75,Aug,2015,Tuesday,38.70098795,2744.867188,,,
75483.42188,1948,78024.28125,Aug,2015,Wednesday,38.74918987,2540.859375,,,
74354.57031,1922,76978.30469,Aug,2015,Thursday,38.68604075,2623.734375,,,
120326.875,3088,123707.7578,Aug,2015,Friday,38.96595693,3380.882813,,,
131868,3388,135721.4219,Aug,2015,Saturday,38.92207792,3853.421875,,,
75504,1944,77978.69531,Aug,2015,Sunday,38.83950617,2474.695313,,,
69968.07813,1812,72665.72656,Aug,2015,Monday,38.61372965,2697.648438,,,
60187.14844,1563,62538.49219,Aug,2015,Tuesday,38.50745262,2351.34375,,,
44698.69922,1171,46849.56641,Aug,2015,Wednesday,38.17139131,2150.867188,,,
39463.41016,1035,41414.41797,Aug,2015,Thursday,38.1288987,1951.007813,,,
85794.09375,2247,89898.89063,Aug,2015,Friday,38.18161716,4104.796875,,,
117288.0078,3068,122504.3594,Aug,2015,Saturday,38.229468,5216.351563,,,
71056.0625,1866,74589.17188,Aug,2015,Sunday,38.07934753,3533.109375,,,
64394.07422,1690,67505.25781,Aug,2015,Monday,38.1030025,3111.183594,,,
35165.97266,922,36841.96875,Aug,2015,Tuesday,38.14096817,1675.996094,,,
23234.18359,604,24104.08594,Aug,2015,Wednesday,38.46719138,869.9023438,,,
24754.95703,643,25407.17383,Aug,2015,Thursday,38.49915557,652.2167969,,,
76691.28125,2006,78691.95313,Aug,2015,Friday,38.23094778,2000.671875,,,
102231.2109,2677,104713.0078,Aug,2015,Saturday,38.1887228,2481.796875,,,
56974.86719,1467,57548.98438,Aug,2015,Sunday,38.83767361,574.1171875,,,
59442.73047,1528,59785.42969,Aug,2015,Monday,38.90231052,342.6992188,,,
217683.3594,6360,246975.7344,Aug,2015,Tuesday,34.2269433,29292.375,,,
275458.8125,8035,307092.2813,Aug,2015,Wednesday,34.28236621,31633.46875,,,
228731.8594,6675,252845.4531,Aug,2015,Thursday,34.26694522,24113.59375,,,
387639.125,11330,426783.3125,Aug,2015,Friday,34.213515,39144.1875,,,
461188,13484,504578.1875,Aug,2015,Saturday,34.2026105,43390.1875,,,
202249.6719,5913,220152.1875,Aug,2015,Sunday,34.20424013,17902.51563,,,
332559.75,9721,361970.2813,Aug,2015,Monday,34.21044646,29410.53125,,,
384806.7813,11257,418101.5938,Sep,2015,Tuesday,34.18377732,33294.8125,,,
345776.25,10102,373816.1563,Sep,2015,Wednesday,34.22849436,28039.90625,,,
271551.0938,7938,293343.875,Sep,2015,Thursday,34.20900652,21792.78125,,,
340440.2188,9936,366359.6563,Sep,2015,Friday,34.26330704,25919.4375,,,
364416.7188,10643,392128.3125,Sep,2015,Saturday,34.24003747,27711.59375,,,
164719.6094,4800,176647.8438,Sep,2015,Sunday,34.31658529,11928.23438,,,
178921.0938,5228,192507.5313,Sep,2015,Monday,34.2236216,13586.4375,,,
70287,1810,66639.69531,Sep,2015,Tuesday,38.83259669,-3647.304688,,,
76013.67969,1961,72211.10156,Sep,2015,Wednesday,38.76271274,-3802.578125,,,
48406.78906,1232,45316.54297,Sep,2015,Thursday,39.29122489,-3090.246094,,,
85940.02344,2194,81559.84375,Sep,2015,Friday,39.17047559,-4380.179688,,,
57381.75,1469,54340.89063,Sep,2015,Saturday,39.06177672,-3040.859375,,,
32479.79688,829,30763.6875,Sep,2015,Sunday,39.1794896,-1716.109375,,,
52160.18359,1329,49656.00781,Sep,2015,Monday,39.2476927,-2504.175781,,,
51002.83984,1300,48601.96875,Sep,2015,Tuesday,39.23295373,-2400.871094,,,
30194.7168,773,28605.46094,Sep,2015,Wednesday,39.06172936,-1589.255859,,,
29751.22266,760,28084.23438,Sep,2015,Thursday,39.1463456,-1666.988281,,,
68504.64063,1755,64881.97656,Sep,2015,Friday,39.03398326,-3622.664063,,,
68996.5625,1766,65211.57031,Sep,2015,Saturday,39.06940119,-3784.992188,,,
41855.92969,1078,39629.45313,Sep,2015,Sunday,38.82739303,-2226.476563,,,
44303.46484,1124,41485.45703,Sep,2015,Monday,39.41589399,-2818.007813,,,
46599.29688,1182,43806.73047,Sep,2015,Tuesday,39.42410903,-2792.566406,,,
125182.7578,3725,138583.8438,Sep,2015,Wednesday,33.60610948,13401.08594,,,
150036.8125,4492,167704.8594,Sep,2015,Thursday,33.40089325,17668.04688,,,
368037.6875,11030,413540.8125,Sep,2015,Friday,33.36697076,45503.125,,,
351319.625,10528,397626.5938,Sep,2015,Saturday,33.37002517,46306.96875,,,
163289.9375,4895,185404.0469,Sep,2015,Sunday,33.35851634,22114.10938,,,
190892.4531,5720,216571.0625,Sep,2015,Monday,33.37280649,25678.60938,,,
143082.1406,4288,162929.0156,Sep,2015,Tuesday,33.36803653,19846.875,,,
323548.7813,9693,368434.875,Sep,2015,Wednesday,33.37963285,44886.09375,,,
402312.3438,12065,459285.8125,Oct,2015,Thursday,33.34540769,56973.46875,,,
393635.1875,11758,448390.9688,Oct,2015,Friday,33.47807344,54755.78125,,,
451100.0625,13508,515549.375,Oct,2015,Saturday,33.3950298,64449.3125,,,
202902.625,6085,232360.3281,Oct,2015,Sunday,33.34472062,29457.70313,,,
294557.6563,8828,336897.9375,Oct,2015,Monday,33.36629545,42340.28125,,,
221618.3281,6636,253291.0625,Oct,2015,Tuesday,33.39637253,31672.73438,,,
63968.38281,1622,61942.84375,Oct,2015,Wednesday,39.43796721,-2025.539063,,,
59609.54297,1512,57736.47656,Oct,2015,Thursday,39.42430091,-1873.066406,,,
126588.25,3211,122622.3594,Oct,2015,Friday,39.4233105,-3965.890625,,,
119755.0078,3037,116003.6875,Oct,2015,Saturday,39.43200784,-3751.320313,,,
57413.41016,1456,55617.58594,Oct,2015,Sunday,39.4322872,-1795.824219,,,
57749.13672,1465,55933.00781,Oct,2015,Monday,39.41920595,-1816.128906,,,
40140.82031,1018,38881.08984,Oct,2015,Tuesday,39.43106121,-1259.730469,,,
42195.81641,1070,40869.25,Oct,2015,Wednesday,39.43534244,-1326.566406,,,
53490.79688,1357,51799.16406,Oct,2015,Thursday,39.41842069,-1691.632813,,,
110809.3125,2810,107331.9844,Oct,2015,Friday,39.43391904,-3477.328125,,,
111527.0156,2829,108023.6094,Oct,2015,Saturday,39.42276975,-3503.40625,,,
59808.13672,1517,57937.45703,Oct,2015,Sunday,39.4252714,-1870.679688,,,
55166.22656,1399,53436.89844,Oct,2015,Monday,39.4326137,-1729.328125,,,
42054.67969,1067,40736.15234,Oct,2015,Tuesday,39.41394535,-1318.527344,,,
53678.17969,1361,51999.85938,Oct,2015,Wednesday,39.44024959,-1678.320313,,,
55930.16797,1419,54177.69141,Oct,2015,Thursday,39.41519941,-1752.476563,,,
185771,5042,192527.0156,Oct,2015,Friday,36.84470448,6756.015625,,,
253116.9063,6872,262409.5625,Oct,2015,Saturday,36.83307716,9292.65625,,,
118618.4531,3218,122915.2656,Oct,2015,Sunday,36.8609239,4296.8125,,,
123320.7813,3347,128133.7813,Oct,2015,Monday,36.84516918,4813,,,
117051.2734,3177,122175,Oct,2015,Tuesday,36.84333442,5123.726563,,,
159299.9844,4532,174699.0781,Oct,2015,Wednesday,35.15004068,15399.09375,,,
119047.4063,3231,124349.2656,Oct,2015,Thursday,36.84537488,5301.859375,,,
285081.9688,7731,297627.6875,Oct,2015,Friday,36.87517381,12545.71875,,,
391656.2188,11148,429832.8438,Oct,2015,Saturday,35.13242005,38176.625,,,
274814.7813,7459,287978.1875,Nov,2015,Sunday,36.84338132,13163.40625,,,
269555.0313,7316,281915.1875,Nov,2015,Monday,36.84459148,12360.15625,,,
192001.0313,5211,201125.7813,Nov,2015,Tuesday,36.84533319,9124.75,,,
201367.7813,5731,220580,Nov,2015,Wednesday,35.1365872,19212.21875,,,
111874.5625,3036,116637.0313,Nov,2015,Thursday,36.84932889,4762.46875,,,
214540.3281,5822,223738.4375,Nov,2015,Friday,36.84993613,9198.109375,,,
280264.25,7987,306935.1563,Nov,2015,Saturday,35.09005259,26670.90625,,,
134136.7344,3640,140236.2969,Nov,2015,Sunday,36.8507512,6099.5625,,,
94243.46875,2338,89949.30469,Nov,2015,Monday,40.30943916,-4294.164063,,,
131436.2031,3744,143823.3906,Nov,2015,Tuesday,35.10582348,12387.1875,,,
147893.9375,4216,161665.5938,Nov,2015,Wednesday,35.07920719,13771.65625,,,
140238.3906,4000,153481.4531,Nov,2015,Thursday,35.05959766,13243.0625,,,
358183.7813,10204,391310.3125,Nov,2015,Friday,35.10229138,33126.53125,,,
377937.125,10769,413010.2188,Nov,2015,Saturday,35.09491364,35073.09375,,,
168729.9688,4803,184673.4844,Nov,2015,Sunday,35.1301205,15943.51563,,,
177192.5625,5042,193615.2969,Nov,2015,Monday,35.14330871,16422.73438,,,
152368.75,4342,166625.3594,Nov,2015,Tuesday,35.09183556,14256.60938,,,
147471.8125,4202,161402.9219,Nov,2015,Wednesday,35.09562411,13931.10938,,,
145697.1563,4151,159317.6094,Nov,2015,Thursday,35.09929083,13620.45313,,,
301034,8567,328965.1563,Nov,2015,Friday,35.13878837,27931.15625,,,
309518.0625,8811,338720.0313,Nov,2015,Saturday,35.12859636,29201.96875,,,
152504.625,4345,167600.6563,Nov,2015,Sunday,35.09887802,15096.03125,,,
79711.58594,1937,74375.78906,Nov,2015,Monday,41.1520836,-5335.796875,,,
111021.3828,3160,121456.5234,Nov,2015,Tuesday,35.13334899,10435.14063,,,
243161.2656,6924,266054.375,Nov,2015,Wednesday,35.11861144,22893.10938,,,
311443.1875,9273,355343.875,Nov,2015,Thursday,33.58602259,43900.6875,,,
375876,11257,431325.6875,Nov,2015,Friday,33.39042374,55449.6875,,,
434639.6563,13019,498895.625,Nov,2015,Saturday,33.38502621,64255.96875,,,
238637.8125,7139,274093.5625,Nov,2015,Sunday,33.42734452,35455.75,,,
260653.6719,7423,283981.1563,Nov,2015,Monday,35.11433004,23327.48438,,,
262394.7813,7474,285838.5625,Dec,2015,Tuesday,35.10767745,23443.78125,,,
248437.7188,7056,269807.625,Dec,2015,Wednesday,35.20942726,21369.90625,,,
201048.8281,5732,219110.3906,Dec,2015,Thursday,35.074813,18061.5625,,,
317690.75,9038,345449.5313,Dec,2015,Friday,35.15055875,27758.78125,,,
378527.875,10737,410385.0313,Dec,2015,Saturday,35.25452873,31857.15625,,,
195425.3906,5505,210461.3906,Dec,2015,Sunday,35.49961683,15036,,,
90441.60156,2198,83999.59375,Dec,2015,Monday,41.14722546,-6442.007813,,,
117649,3190,121640.3828,Dec,2015,Tuesday,36.88056426,3991.382813,,,
141285.3906,3814,145443.0469,Dec,2015,Wednesday,37.04388847,4157.65625,,,
133183.6875,3610,137725.875,Dec,2015,Thursday,36.89298823,4542.1875,,,
229672.25,6227,237672.0156,Dec,2015,Friday,36.88329051,7999.765625,,,
333488.8125,9422,359621.0625,Dec,2015,Saturday,35.3946946,26132.25,,,
185422.8906,5014,191390.4063,Dec,2015,Sunday,36.98103124,5967.515625,,,
173833.1406,4715,179871.0469,Dec,2015,Monday,36.86811042,6037.90625,,,
220271.7188,6212,237123.3438,Dec,2015,Tuesday,35.45906612,16851.625,,,
234468.0781,6585,251493.9063,Dec,2015,Wednesday,35.60639,17025.82813,,,
213778.1406,6051,230994.3594,Dec,2015,Thursday,35.32939029,17216.21875,,,
273563,7750,295854.5625,Dec,2015,Friday,35.29845161,22291.5625,,,
337506.7813,9490,362223.1563,Dec,2015,Saturday,35.56446589,24716.375,,,
155312.7813,4382,167421.9688,Dec,2015,Sunday,35.44335492,12109.1875,,,
289243.375,8196,312784.9688,Dec,2015,Monday,35.29079734,23541.59375,,,
313125.3438,8863,338299.625,Dec,2015,Tuesday,35.32949834,25174.28125,,,
268330.4063,6534,249584.2188,Dec,2015,Wednesday,41.06679006,-18746.1875,,,
392228.125,9540,364396.1875,Dec,2015,Thursday,41.11405922,-27831.9375,,,
133728.9844,3256,124363.5547,Dec,2015,Friday,41.0715554,-9365.429688,,,
82778.44531,2013,76876.49219,Dec,2015,Saturday,41.12193011,-5901.953125,,,
69522.83594,1692,64616.07813,Dec,2015,Sunday,41.08914654,-4906.757813,,,
133021.2656,3234,123500.7891,Dec,2015,Monday,41.13211677,-9520.476563,,,
161267.5156,4592,175378.1406,Dec,2015,Tuesday,35.1192325,14110.625,,,
208583.2188,5945,227060.2656,Dec,2015,Wednesday,35.08548675,18477.04688,,,
325457.5313,9266,353929.75,Dec,2015,Thursday,35.12384322,28472.21875,,,
111650.2422,3179,121448.2813,Jan,2016,Friday,35.12118345,9798.039063,,,
262421.2813,7479,285675.8438,Jan,2016,Saturday,35.08774987,23254.5625,,,
164527.5313,4694,179308.9531,Jan,2016,Sunday,35.05060316,14781.42188,,,
274990.1563,7843,299576.25,Jan,2016,Monday,35.0618585,24586.09375,,,
215737.8438,6150,234642.0781,Jan,2016,Tuesday,35.07932419,18904.23438,,,
98646.98438,2401,91610.5625,Jan,2016,Wednesday,41.08579108,-7036.421875,,,
74401.21875,1808,68988.85938,Jan,2016,Thursday,41.15111657,-5412.359375,,,
106592.3438,2594,99021.67969,Jan,2016,Friday,41.09188271,-7570.664063,,,
134629.6563,3274,124963.4688,Jan,2016,Saturday,41.12084797,-9666.1875,,,
90773.65625,2207,84299.28906,Jan,2016,Sunday,41.12988502,-6474.367188,,,
121373.0703,2949,112550.4297,Jan,2016,Monday,41.15736531,-8822.640625,,,
99445.55469,2417,92226.51563,Jan,2016,Tuesday,41.14420963,-7219.039063,,,
67587.54688,1644,62760.35547,Jan,2016,Wednesday,41.11164652,-4827.191406,,,
61685.93359,1499,57191.4375,Jan,2016,Thursday,41.15138999,-4494.496094,,,
150006.9375,3648,139244.8906,Jan,2016,Friday,41.12032278,-10762.04688,,,
191287.3594,4652,177577.2813,Jan,2016,Saturday,41.11938078,-13710.07813,,,
92595.46094,2252,86018.1875,Jan,2016,Sunday,41.11698976,-6577.273438,,,
96947.05469,2357,89961.35938,Jan,2016,Monday,41.13154632,-6985.695313,,,
70512.89063,1715,65453.27734,Jan,2016,Tuesday,41.11538812,-5059.613281,,,
159590.4844,4776,182351.1406,Jan,2016,Wednesday,33.41509304,22760.65625,,,
67046.27344,1628,61894.26172,Jan,2016,Thursday,41.18321464,-5152.011719,,,
266949.25,7806,294322.9375,Jan,2016,Friday,34.1979567,27373.6875,,,
315272.2188,9210,346093.0625,Jan,2016,Saturday,34.23151126,30820.84375,,,
149138.9219,4351,163505.7188,Jan,2016,Sunday,34.27692987,14366.79688,,,
215171.0313,6278,234621.5938,Jan,2016,Monday,34.27381829,19450.5625,,,
205197.8906,5992,221931.5781,Jan,2016,Tuesday,34.24530885,16733.6875,,,
214452.25,6265,231730.2344,Jan,2016,Wednesday,34.2302075,17277.98438,,,
195767.9688,5723,210639.8438,Jan,2016,Thursday,34.20722851,14871.875,,,
397984.3438,11900,437198.9375,Jan,2016,Friday,33.4440625,39214.59375,,,
512603.0938,15345,561872.1875,Jan,2016,Saturday,33.40521953,49269.09375,,,
218104.0625,6525,238662.1875,Jan,2016,Sunday,33.42590996,20558.125,,,
339004.3438,10153,371177.1875,Feb,2016,Monday,33.38957389,32172.84375,,,
278116.375,8116,295645.625,Feb,2016,Tuesday,34.26766572,17529.25,,,
264159.3125,7712,280392.2813,Feb,2016,Wednesday,34.25302289,16232.96875,,,
197778.1406,5759,209372.2969,Feb,2016,Thursday,34.34244498,11594.15625,,,
325749,9501,345287.8125,Feb,2016,Friday,34.28575939,19538.8125,,,
371561.9688,10840,393884.4375,Feb,2016,Saturday,34.27693439,22322.46875,,,
174581.6719,5089,185040.8125,Feb,2016,Sunday,34.30569304,10459.14063,,,
208489.375,6087,221372.8438,Feb,2016,Monday,34.25158124,12883.46875,,,
84495.16406,2053,74682.26563,Feb,2016,Tuesday,41.15692356,-9812.898438,,,
76661.25,1825,66379.5625,Feb,2016,Wednesday,42.00616438,-10281.6875,,,
64034.94141,1525,55491.33984,Feb,2016,Thursday,41.99012551,-8543.601563,,,
148839.9688,3542,129583.4922,Feb,2016,Friday,42.02144798,-19256.47656,,,
172541.5156,4105,150538.9844,Feb,2016,Saturday,42.03203791,-22002.53125,,,
87991.66406,2094,76378.50781,Feb,2016,Sunday,42.02085199,-11613.15625,,,
123445.3828,2940,108669.2266,Feb,2016,Monday,41.98822545,-14776.15625,,,
77344.69531,1841,68269.25,Feb,2016,Tuesday,42.01232771,-9075.445313,,,
158963.0313,4529,167521.5313,Feb,2016,Wednesday,35.09892498,8558.5,,,
69598.07031,1658,61492.96875,Feb,2016,Thursday,41.97712323,-8105.101563,,,
161275.6094,3841,143446.3594,Feb,2016,Friday,41.98792225,-17829.25,,,
325215.0625,9260,345446,Feb,2016,Saturday,35.12041712,20230.9375,,,
96957.29688,2308,86455.49219,Feb,2016,Sunday,42.00922742,-10501.80469,,,
85224.47656,2028,75960.71875,Feb,2016,Monday,42.02390363,-9263.757813,,,
54612.87891,1301,49071.80078,Feb,2016,Tuesday,41.97761638,-5541.078125,,,
81530.60938,2213,81738.05469,Feb,2016,Wednesday,36.84166714,207.4453125,,,
160947.5313,4404,162597.5,Feb,2016,Thursday,36.54576096,1649.96875,,,
188736.25,4935,183103.2344,Feb,2016,Friday,38.24442756,-5633.015625,,,
215951.5156,5609,210032.7813,Feb,2016,Saturday,38.50089421,-5918.734375,,,
134995.8594,3452,129938.7031,Feb,2016,Sunday,39.10656413,-5057.15625,,,
163079.375,4270,160332.5938,Feb,2016,Monday,38.1918911,-2746.78125,,,
180828.6719,4719,182962.3438,Mar,2016,Tuesday,38.31927779,2133.671875,,,
171196.1719,4451,174428.6875,Mar,2016,Wednesday,38.46240662,3232.515625,,,
129719.0469,3364,131961.9375,Mar,2016,Thursday,38.56095329,2242.890625,,,
142127.6406,3665,144039.4063,Mar,2016,Friday,38.77971095,1911.765625,,,
152124.4063,3889,153377.5156,Mar,2016,Saturday,39.11658685,1253.109375,,,
74132.78906,1882,74332.28125,Mar,2016,Sunday,39.3904299,199.4921875,,,
91143.03125,2405,95167.53125,Mar,2016,Monday,37.89731029,4024.5,,,
60528.09375,1577,62342.88281,Mar,2016,Tuesday,38.38179692,1814.789063,,,
38340.60156,913,35918.33594,Mar,2016,Wednesday,41.99408714,-2422.265625,,,
37453.00781,892,35108.19922,Mar,2016,Thursday,41.98767692,-2344.808594,,,
77997.04688,1855,73051.67188,Mar,2016,Friday,42.04692554,-4945.375,,,
79752.28125,1897,74962.8125,Mar,2016,Saturday,42.04126581,-4789.46875,,,
37155.58984,883,34962.83203,Mar,2016,Sunday,42.0788107,-2192.757813,,,
45046.51172,1071,42368.04688,Mar,2016,Monday,42.06023503,-2678.464844,,,
55489.33203,1320,52263.05859,Mar,2016,Tuesday,42.03737275,-3226.273438,,,
41893.30469,997,39495.45703,Mar,2016,Wednesday,42.01936278,-2397.847656,,,
34348.50391,817,32292.83789,Mar,2016,Thursday,42.04223244,-2055.666016,,,
78276.82813,1866,73746.75781,Mar,2016,Friday,41.94899685,-4530.070313,,,
92851.40625,2211,87451.5625,Mar,2016,Saturday,41.99520862,-5399.84375,,,
54845.78906,1304,51625.51172,Mar,2016,Sunday,42.05965419,-3220.277344,,,
48037.80078,1143,45187.64063,Mar,2016,Monday,42.02782221,-2850.160156,,,
65905.72656,1573,62023.88281,Mar,2016,Tuesday,41.8981097,-3881.84375,,,
84870.05469,2065,81472.82813,Mar,2016,Wednesday,41.09930009,-3397.226563,,,
262459.5,6588,259298.4531,Mar,2016,Thursday,39.8390255,-3161.046875,,,
228124.3906,5652,222208.3438,Mar,2016,Friday,40.36171101,-5916.046875,,,
162929.4844,4103,161434.8125,Mar,2016,Saturday,39.70984265,-1494.671875,,,
58359.83203,1466,57681.57031,Mar,2016,Sunday,39.80888952,-678.2617188,,,
85605.32813,2162,85022.38281,Mar,2016,Monday,39.59543392,-582.9453125,,,
84836.41406,2155,84595.21875,Mar,2016,Tuesday,39.3672455,-241.1953125,,,
64308.91406,1746,68427.59375,Mar,2016,Wednesday,36.83213864,4118.679688,,,
131168.4844,3554,138589.0938,Mar,2016,Thursday,36.90728317,7420.609375,,,
232410.2031,6282,245358.625,Apr,2016,Friday,36.9962119,12948.42188,,,
195831.0938,5259,205442.8281,Apr,2016,Saturday,37.2373253,9611.734375,,,
90716.54688,2446,95543.13281,Apr,2016,Sunday,37.08771336,4826.585938,,,
131638.0156,3345,130700.1875,Apr,2016,Monday,39.35366685,-937.828125,,,
81910.875,2048,79969.50781,Apr,2016,Tuesday,39.99554443,-1941.367188,,,
54821.91016,1303,50800.00781,Apr,2016,Wednesday,42.07360718,-4021.902344,,,
155615.4219,4413,171592.125,Apr,2016,Thursday,35.26295533,15976.70313,,,
264086.9063,7494,291378.5938,Apr,2016,Friday,35.23977932,27291.6875,,,
272761.3125,7738,298164.4063,Apr,2016,Saturday,35.24958807,25403.09375,,,
104689.4297,2958,113609.3047,Apr,2016,Sunday,35.39196406,8919.875,,,
131170.5938,3713,142022.8125,Apr,2016,Monday,35.32738857,10852.21875,,,
123179.4922,3504,132714.9531,Apr,2016,Tuesday,35.15396467,9535.460938,,,
124431.0469,3534,132889.0625,Apr,2016,Wednesday,35.20969068,8458.015625,,,
162166.8438,4601,172225.6563,Apr,2016,Thursday,35.24599951,10058.8125,,,
354042.0313,10045,373200.3125,Apr,2016,Friday,35.24559793,19158.28125,,,
327352.25,9301,345338.625,Apr,2016,Saturday,35.19538222,17986.375,,,
164809.2969,4678,175167.4219,Apr,2016,Sunday,35.23071759,10358.125,,,
151157.7969,4294,159828.7656,Apr,2016,Monday,35.20209522,8670.96875,,,
126895.9375,3606,133726.2813,Apr,2016,Tuesday,35.19022116,6830.34375,,,
166395.4531,4838,179020.5469,Apr,2016,Wednesday,34.39343802,12625.09375,,,
167796.3594,4914,182485.0938,Apr,2016,Thursday,34.14659328,14688.73438,,,
351146.0313,10269,380098.1563,Apr,2016,Friday,34.19476397,28952.125,,,
420738.8125,12317,455415.3438,Apr,2016,Saturday,34.15919562,34676.53125,,,
186166.1563,5453,202391.1719,Apr,2016,Sunday,34.14013502,16225.01563,,,
251449.5313,7372,273255.0938,Apr,2016,Monday,34.10872643,21805.5625,,,
280321.8125,8211,302469.8438,Apr,2016,Tuesday,34.13978961,22148.03125,,,
313434.9375,9182,337931.125,Apr,2016,Wednesday,34.13580239,24496.1875,,,
257324.6094,7520,276852.1875,Apr,2016,Thursday,34.21869806,19527.57813,,,
455554.3438,13321,489215.0625,Apr,2016,Friday,34.19820912,33660.71875,,,
556865.1875,16276,598925.6875,Apr,2016,Saturday,34.21388471,42060.5,,,
354856.0313,10388,380511.1563,May,2016,Sunday,34.16018784,25655.125,,,
283284.5938,8298,304997.8438,May,2016,Monday,34.13890019,21713.25,,,
297500.6875,8717,319786.375,May,2016,Tuesday,34.12879288,22285.6875,,,
285968.5,8364,305507,May,2016,Wednesday,34.19039933,19538.5,,,
237946.625,6968,254527.4219,May,2016,Thursday,34.14848235,16580.79688,,,
340851.5,9973,364361.0313,May,2016,Friday,34.17742906,23509.53125,,,
388187.5938,11363,414644.625,May,2016,Saturday,34.16242135,26457.03125,,,
139178.9844,4074,148731.0938,May,2016,Sunday,34.16273549,9552.109375,,,
66400.30469,1579,57741.73828,May,2016,Monday,42.05212456,-8658.566406,,,
42723.52344,1016,37112.98438,May,2016,Tuesday,42.05071204,-5610.539063,,,
35014.39844,832,30393.74023,May,2016,Wednesday,42.08461351,-4620.658203,,,
27210.40625,647,23570.1582,May,2016,Thursday,42.05626932,-3640.248047,,,
79840.08594,1898,69078.71094,May,2016,Friday,42.06537721,-10761.375,,,
82484.44531,1961,71426.00781,May,2016,Saturday,42.06244024,-11058.4375,,,
51497.23828,1224,44611.94141,May,2016,Sunday,42.07290709,-6885.296875,,,
42871.83203,1019,37139.30859,May,2016,Monday,42.07245538,-5732.523438,,,
39104.64063,930,33890.35938,May,2016,Tuesday,42.04800067,-5214.28125,,,
34406.75,818,29884.33008,May,2016,Wednesday,42.06204156,-4522.419922,,,
39403.66016,937,34229.63281,May,2016,Thursday,42.0529991,-5174.027344,,,
96830.90625,2302,83926,May,2016,Friday,42.06381679,-12904.90625,,,
99380.39844,2363,86179.51563,May,2016,Saturday,42.05687619,-13200.88281,,,
61656.17969,1466,53463.73438,May,2016,Sunday,42.05742134,-8192.445313,,,
69163.55469,1644,59948.4375,May,2016,Monday,42.07028874,-9215.117188,,,
113112.8672,3224,117414.6953,May,2016,Tuesday,35.08463622,4301.828125,,,
253686.2969,7392,268974.5625,May,2016,Wednesday,34.31903367,15288.26563,,,
210305.2969,6138,223289.0781,May,2016,Thursday,34.26283755,12983.78125,,,
364087.4375,10624,386499.9063,May,2016,Friday,34.27027838,22412.46875,,,
397480.375,11590,421674.0938,May,2016,Saturday,34.29511432,24193.71875,,,
204028.1719,5959,216777.3125,May,2016,Sunday,34.23865949,12749.14063,,,
172797.9375,5048,183715.8125,May,2016,Monday,34.23097019,10917.875,,,
258970.6563,7542,274386,May,2016,Tuesday,34.33713289,15415.34375,,,
368789.5625,10761,391923.6563,Jun,2016,Wednesday,34.27093788,23134.09375,,,
278071.375,8120,295548.25,Jun,2016,Thursday,34.24524323,17476.875,,,
373959.375,10896,396324.1875,Jun,2016,Friday,34.32079433,22364.8125,,,
402057.25,11726,426466.125,Jun,2016,Saturday,34.28767269,24408.875,,,
205719.4531,6007,218408.1875,Jun,2016,Sunday,34.24662113,12688.73438,,,
177626.9531,5185,188629.75,Jun,2016,Monday,34.25785017,11002.79688,,,
70441.90625,1675,60910.75,Jun,2016,Tuesday,42.0548694,-9531.15625,,,
162923.8438,4765,173292.6875,Jun,2016,Wednesday,34.19178253,10368.84375,,,
138752.5313,3953,143791.4844,Jun,2016,Thursday,35.10056444,5038.953125,,,
252458.2656,7190,261502.375,Jun,2016,Friday,35.11241525,9044.109375,,,
293917.8438,8577,311853.5313,Jun,2016,Saturday,34.26814081,17935.6875,,,
138350.125,3943,143346.6719,Jun,2016,Sunday,35.08752853,4996.546875,,,
130067.2734,3707,134950.5625,Jun,2016,Monday,35.08693645,4883.289063,,,
107168.6641,3054,111173.1563,Jun,2016,Tuesday,35.0912456,4004.492188,,,
224030.5469,6541,237934.7344,Jun,2016,Wednesday,34.25019827,13904.1875,,,
201918.2188,5749,209095.5625,Jun,2016,Thursday,35.12232019,7177.34375,,,
329344.2813,9385,341253.3438,Jun,2016,Friday,35.09262453,11909.0625,,,
308642.9688,9012,327672.0313,Jun,2016,Saturday,34.2479992,19029.0625,,,
134472.4063,3831,139385.875,Jun,2016,Sunday,35.10112405,4913.46875,,,
143809.7188,4097,148953.9063,Jun,2016,Monday,35.10122498,5144.1875,,,
123252.1484,3509,127533.0078,Jun,2016,Tuesday,35.12457921,4280.859375,,,
40067.15234,953,34559.08594,Jun,2016,Wednesday,42.04318189,-5508.066406,,,
143752.7344,4305,155659.5313,Jun,2016,Thursday,33.39204051,11906.79688,,,
389904,11667,422372.5938,Jun,2016,Friday,33.41938802,32468.59375,,,
461280.7813,13793,498910.3438,Jun,2016,Saturday,33.44310746,37629.5625,,,
221578.7031,6641,240449.625,Jun,2016,Sunday,33.36526173,18870.92188,,,
253702.2188,7593,274426.0938,Jun,2016,Monday,33.41264569,20723.875,,,
200616.0781,6007,217104.5781,Jun,2016,Tuesday,33.3970498,16488.5,,,
211700.8125,6345,229023.8125,Jun,2016,Wednesday,33.36498227,17323,,,
282757.7188,8482,305894.1875,Jun,2016,Thursday,33.33620829,23136.46875,,,
479010.1563,14344,517742.1875,Jul,2016,Friday,33.39446153,38732.03125,,,
454543.2813,13609,490487.0313,Jul,2016,Saturday,33.40019702,35943.75,,,
242185.1875,7259,261534.9063,Jul,2016,Sunday,33.36343677,19349.71875,,,
281531.6875,8431,304052.4688,Jul,2016,Monday,33.39244307,22520.78125,,,
219363.2188,6577,237026.3438,Jul,2016,Tuesday,33.35308176,17663.125,,,
204005.5781,6098,219722.8906,Jul,2016,Wednesday,33.45450609,15717.3125,,,
69579.07031,1654,59598.91797,Jul,2016,Thursday,42.06715255,-9980.152344,,,
87184.74219,2073,74654.52344,Jul,2016,Friday,42.05728036,-12530.21875,,,
78700.4375,1871,67367.38281,Jul,2016,Saturday,42.06330171,-11333.05469,,,
39809.55859,946,34091.57031,Jul,2016,Sunday,42.08198583,-5717.988281,,,
45839.23828,1090,39231.19531,Jul,2016,Monday,42.05434705,-6608.042969,,,
36851.76563,876,31574.32617,Jul,2016,Tuesday,42.0682256,-5277.439453,,,
33225.67188,790,28489.08203,Jul,2016,Wednesday,42.0578125,-4736.589844,,,
30423.39063,723,26053.79688,Jul,2016,Thursday,42.07937846,-4369.59375,,,
80345.64063,1910,68788.09375,Jul,2016,Friday,42.06578043,-11557.54688,,,
95297.33594,2266,81655.85938,Jul,2016,Saturday,42.05531153,-13641.47656,,,
45324.05469,1078,38809.80859,Jul,2016,Sunday,42.04457763,-6514.246094,,,
51604.11719,1227,44222.78516,Jul,2016,Monday,42.05714522,-7381.332031,,,
37870.11719,900,32436.79688,Jul,2016,Tuesday,42.07790799,-5433.320313,,,
42723.52344,1016,36607.39063,Jul,2016,Wednesday,42.05071204,-6116.132813,,,
35169.91406,836,30133.31836,Jul,2016,Thursday,42.06927519,-5036.595703,,,
61148.20313,1454,52384.44922,Jul,2016,Friday,42.05516033,-8763.753906,,,
77171.70313,1835,66113.83594,Jul,2016,Saturday,42.05542405,-11057.86719,,,
40881.35547,972,35019.11328,Jul,2016,Sunday,42.05900768,-5862.242188,,,
43085.59375,1024,36887.36719,Jul,2016,Monday,42.07577515,-6198.226563,,,
43894.99219,1044,37604.66016,Jul,2016,Tuesday,42.04501167,-6290.332031,,,
67780.72656,1611,58196.14453,Jul,2016,Wednesday,42.07369743,-9584.582031,,,
51907.94141,1234,44544.62891,Jul,2016,Thursday,42.06478234,-7363.3125,,,
93508.63281,2223,80346.69531,Jul,2016,Friday,42.06416231,-13161.9375,,,
95343.59375,2267,81874.28906,Jul,2016,Saturday,42.05716531,-13469.30469,,,
59514.99219,1415,51145.40234,Jul,2016,Sunday,42.06006515,-8369.589844,,,
65133.96484,1548,55946.05469,Aug,2016,Monday,42.07620468,-9187.910156,,,
70641.25,1679,60629.55469,Aug,2016,Tuesday,42.07340679,-10011.69531,,,
48442.17188,1152,41610.78516,Aug,2016,Wednesday,42.05049642,-6831.386719,,,
46291.37109,1101,39783.35938,Aug,2016,Thursday,42.04484205,-6508.011719,,,
73453.14063,1746,63386.49219,Aug,2016,Friday,42.0693818,-10066.64844,,,
71508.89844,1700,61500.57422,Aug,2016,Saturday,42.0640579,-10008.32422,,,
30066.12695,715,25872.48828,Aug,2016,Sunday,42.05052721,-4193.638672,,,
37726.61719,897,32490.13672,Aug,2016,Monday,42.05865907,-5236.480469,,,
30831.69531,733,26577.08008,Aug,2016,Tuesday,42.06234013,-4254.615234,,,
146811.4531,4282,155135.625,Aug,2016,Wednesday,34.28572002,8324.171875,,,
99867.32813,2867,103826.7031,Aug,2016,Thursday,34.83338965,3959.375,,,
210664.8594,6082,220379.2813,Aug,2016,Friday,34.63743166,9714.421875,,,
266271.0313,7771,281658.4063,Aug,2016,Saturday,34.26470612,15387.375,,,
123084.0391,3576,129601.5234,Aug,2016,Sunday,34.41947401,6517.484375,,,
162727.5313,4649,168580.1719,Aug,2016,Monday,35.00269547,5852.640625,,,
114708.9453,3302,119758.0625,Aug,2016,Tuesday,34.73923238,5049.117188,,,
122318.9063,3536,128298.3438,Aug,2016,Wednesday,34.59245086,5979.4375,,,
112010.3438,3236,117374.1953,Aug,2016,Thursday,34.61382687,5363.851563,,,
229861.4688,6646,241090.1406,Aug,2016,Friday,34.58643827,11228.67188,,,
249981.25,7220,262145.1875,Aug,2016,Saturday,34.62344183,12163.9375,,,
136480.25,3958,143734.2344,Aug,2016,Sunday,34.48212481,7253.984375,,,
127369.8047,3672,133350.1563,Aug,2016,Monday,34.68676598,5980.351563,,,
43537.72656,1035,37649.38672,Aug,2016,Tuesday,42.06543629,-5888.339844,,,
120407.4141,3549,127699.4141,Aug,2016,Wednesday,33.92713837,7292,,,
226375.5469,6647,240429.6875,Aug,2016,Thursday,34.05679959,14054.14063,,,
337900.1875,9908,358772.25,Aug,2016,Friday,34.10377347,20872.0625,,,
355069.5313,10393,376755.5625,Aug,2016,Saturday,34.16429628,21686.03125,,,
153893.6875,4507,163401.3281,Aug,2016,Sunday,34.14548203,9507.640625,,,
159625.7344,4672,169479.1094,Aug,2016,Monday,34.16646712,9853.375,,,
133961.9688,3924,142299.9219,Aug,2016,Tuesday,34.13913577,8337.953125,,,
236305.1563,6918,250572.4531,Aug,2016,Wednesday,34.15801623,14267.29688,,,
313491.75,9183,333030.875,Sep,2016,Thursday,34.13827181,19539.125,,,
370355,10830,392493.0938,Sep,2016,Friday,34.19713758,22138.09375,,,
369091.0625,10800,391842.5,Sep,2016,Saturday,34.17509838,22751.4375,,,
209026.0156,6119,222163.7344,Sep,2016,Sunday,34.16015944,13137.71875,,,
228177.3125,6685,242589.5938,Sep,2016,Monday,34.13273186,14412.28125,,,
154494.7813,4519,164108.8281,Sep,2016,Tuesday,34.18782502,9614.046875,,,
50736.47266,1206,43830.19531,Sep,2016,Wednesday,42.07004366,-6906.277344,,,
43292.14844,1029,37391.67969,Sep,2016,Thursday,42.07205873,-5900.46875,,,
77335.92188,1917,69612.125,Sep,2016,Friday,40.3421606,-7723.796875,,,
85070.23438,2108,76591.85156,Sep,2016,Saturday,40.35589866,-8478.382813,,,
48831.66797,1211,44014.23047,Sep,2016,Sunday,40.32342524,-4817.4375,,,
52075.15625,1291,46884.14063,Sep,2016,Monday,40.33706913,-5191.015625,,,
30424.72656,755,27398.58789,Sep,2016,Tuesday,40.29765108,-3026.138672,,,
20495.11328,508,18375.05273,Sep,2016,Wednesday,40.34471118,-2120.060547,,,
40742.17188,1010,36464.76172,Sep,2016,Thursday,40.33878403,-4277.410156,,,
69864.83594,1733,62545.19141,Sep,2016,Friday,40.31438888,-7319.644531,,,
100120.7109,2482,89572.40625,Sep,2016,Saturday,40.33872318,-10548.30469,,,
49825.09766,1235,44593.79688,Sep,2016,Sunday,40.34420863,-5231.300781,,,
46566.46094,1155,41660.44141,Sep,2016,Monday,40.3172822,-4906.019531,,,
37923.76563,940,34031.14844,Sep,2016,Tuesday,40.34443152,-3892.617188,,,
50084.8125,1241,44832.21094,Sep,2016,Wednesday,40.3584307,-5252.601563,,,
41885.82813,1039,37565.48047,Sep,2016,Thursday,40.31359781,-4320.347656,,,
147503.5781,3657,131964.5156,Sep,2016,Friday,40.33458521,-15539.0625,,,
151639.1875,3758,135498.1563,Sep,2016,Saturday,40.35103446,-16141.03125,,,
72457.29688,1797,64758.50391,Sep,2016,Sunday,40.32125591,-7698.792969,,,
67355.0625,1671,60179.01953,Sep,2016,Monday,40.30823609,-7176.042969,,,
58941.79297,1462,52812.78125,Sep,2016,Tuesday,40.31586386,-6129.011719,,,
58796.78516,1581,57168.55859,Sep,2016,Wednesday,37.18961743,-1628.226563,,,
57019.39063,1534,55187.38281,Sep,2016,Thursday,37.17039806,-1832.007813,,,
155918.375,4216,151036.4531,Sep,2016,Friday,36.98253676,-4881.921875,,,
208489.0938,5632,201416.8438,Oct,2016,Saturday,37.01866011,-7072.25,,,
118580.4688,3173,113346.9609,Oct,2016,Sunday,37.37172038,-5233.507813,,,
142758.875,3540,126506.3438,Oct,2016,Monday,40.32736582,-16252.53125,,,
96620.98438,2397,85491.83594,Oct,2016,Tuesday,40.3091299,-11129.14844,,,
78861.59375,1955,69675.42969,Oct,2016,Wednesday,40.33841113,-9186.164063,,,
70279.47656,1740,61976.30469,Oct,2016,Thursday,40.39050377,-8303.171875,,,
87748.85938,2176,77446.60938,Oct,2016,Friday,40.32576258,-10302.25,,,
92053.32813,2283,81209.25,Oct,2016,Saturday,40.32121249,-10844.07813,,,
51751.38281,1284,45607.23438,Oct,2016,Sunday,40.30481527,-6144.148438,,,
50934.98438,1263,44983.77734,Oct,2016,Monday,40.32857037,-5951.207031,,,
36113.93359,896,31885.28906,Oct,2016,Tuesday,40.30572946,-4228.644531,,,
31023.35938,768,27817.64258,Oct,2016,Wednesday,40.39499919,-3205.716797,,,
22334.21289,521,19704.09375,Oct,2016,Thursday,42.867971,-2630.119141,,,
69440.92969,1618,62070.75,Oct,2016,Friday,42.9177563,-7370.179688,,,
92159.03125,2147,83371.82031,Oct,2016,Saturday,42.92456043,-8787.210938,,,
57296.28906,1335,52701.29297,Oct,2016,Sunday,42.91856859,-4594.996094,,,
57184.94141,1332,51764.9375,Oct,2016,Monday,42.93163769,-5420.003906,,,
40951.10547,954,37288.625,Oct,2016,Tuesday,42.92568707,-3662.480469,,,
37672.44922,877,33678.46094,Oct,2016,Wednesday,42.95604244,-3993.988281,,,
38648.13672,906,35038.07031,Oct,2016,Thursday,42.65798755,-3610.066406,,,
96020.54688,2249,86810.28125,Oct,2016,Friday,42.69477407,-9210.265625,,,
105662.5938,2472,95930.01563,Oct,2016,Saturday,42.7437677,-9732.578125,,,
54738.48438,1280,49990.51953,Oct,2016,Sunday,42.76444092,-4747.964844,,,
40131.57422,940,36347.69922,Oct,2016,Monday,42.69316406,-3783.875,,,
70402.99219,1650,63452.76172,Oct,2016,Tuesday,42.66848011,-6950.230469,,,
62501.74219,1467,56100.875,Oct,2016,Wednesday,42.60514123,-6400.867188,,,
53675.21875,1257,48201.94141,Oct,2016,Thursday,42.70104912,-5473.277344,,,
102606.3281,2405,92657.70313,Oct,2016,Friday,42.6637539,-9948.625,,,
124988.1563,2929,113187.8438,Oct,2016,Saturday,42.67263785,-11800.3125,,,
67521.03906,1582,61233.71875,Oct,2016,Sunday,42.68080851,-6287.320313,,,
70020.59375,1639,62316.15234,Oct,2016,Monday,42.72153371,-7704.441406,,,
126954.1719,2971,110698.7422,Nov,2016,Tuesday,42.73112483,-16255.42969,,,
97558.25,2284,86203.875,Nov,2016,Wednesday,42.7137697,-11354.375,,,
97039.00781,2266,89413.41406,Nov,2016,Thursday,42.82392225,-7625.59375,,,
168349.2656,3938,156675.5938,Nov,2016,Friday,42.74994048,-11673.67188,,,
202017.4219,4720,189394.6875,Nov,2016,Saturday,42.80030124,-12622.73438,,,
108459,2537,102250.1641,Nov,2016,Sunday,42.75088687,-6208.835938,,,
112536.375,2621,105978.4844,Nov,2016,Monday,42.93642694,-6557.890625,,,
100479.9297,2341,94692.47656,Nov,2016,Tuesday,42.92179824,-5787.453125,,,
81649.6875,1901,77081.66406,Nov,2016,Wednesday,42.95091399,-4568.023438,,,
71529.16406,1666,67551.25,Nov,2016,Thursday,42.93467231,-3977.914063,,,
160938.6094,3748,152555.4219,Nov,2016,Friday,42.93986376,-8383.1875,,,
164998.8438,3843,156263.1563,Nov,2016,Saturday,42.934906,-8735.6875,,,
97946.78125,2281,93112.60938,Nov,2016,Sunday,42.94028113,-4834.171875,,,
87834.25,2046,83068.26563,Nov,2016,Monday,42.92974096,-4765.984375,,,
95509.13281,2181,88104.20313,Nov,2016,Tuesday,43.791441,-7404.929688,,,
77229.96875,1763,71428.86719,Nov,2016,Wednesday,43.80599475,-5801.101563,,,
